"X","f1","f2","f3","f4","f5","f6","f7","f8","f9","f10","f11","f12","f13","f14","f15","f16","f17","f18","f19","f20","f21","f22","f23","f24","f25","f26","f27","f28","Class"
5,-0.368421,-0.925907,-0.322464,-0.253095,0.1887,2.45237,-0.66647,-0.356817,0.516326,-0.937519,0.977062,1.06115,-1.73954,-0.603581,-0.392383,0.798392,-0.367334,-0.387882,-0.318976,-0.342965,-0.315409,-0.244539,-0.401053,-0.579818,-0.500316,-0.299039,0.0117143,-0.946807,"0"
18,-1.65624,1.36719,-0.31187,-0.253095,-1.24129,-0.43686,0.192634,3.48888,0.516326,1.06115,0.977062,1.06115,0.571902,1.64824,2.5354,0.209464,1.79214,-0.387882,-0.318976,-0.342965,-0.315409,-0.244539,-0.401053,1.71579,1.98843,3.32681,-1.12457,-0.946807,"1"
19,0.275486,-0.925907,-0.270413,-0.220463,-0.669296,-0.43686,-0.66647,-1.12596,0.516326,1.06115,-1.0182,-0.937519,-1.73954,-0.603581,-0.392383,-0.379464,-0.367334,-0.387882,-0.318976,-0.342965,-0.0879394,-0.244539,-0.401053,-0.579818,-0.500316,-0.299039,-0.556429,-0.322043,"5"
20,-1.65624,1.36719,-0.322464,-0.253095,-1.24129,-0.43686,-0.66647,1.9506,0.516326,1.06115,0.977062,1.06115,0.571902,1.64824,-0.392383,-0.968392,1.79214,2.20691,3.11887,1.95135,-0.315409,-0.244539,-0.401053,1.71579,1.98843,-0.299039,1.148,-0.946807,"1"
23,0.275486,-0.161541,-0.0460846,-0.242217,1.3327,-0.43686,1.48129,-0.356817,-1.92678,-0.937519,0.977062,-0.937519,0.571902,1.64824,-0.392383,0.209464,-0.367334,-0.387882,-0.318976,-0.342965,-0.315409,-0.244539,-0.401053,-0.579818,-0.500316,-0.299039,0.0117143,0.302721,"5"
27,-0.368421,-0.925907,-0.271334,-0.155199,-0.0972986,-0.43686,0.622187,1.18146,0.516326,1.06115,0.977062,1.06115,0.571902,-0.603581,-0.392383,-0.968392,-0.367334,-0.387882,-0.318976,-0.342965,-0.0879394,-0.244539,-0.401053,1.71579,1.98843,-0.299039,1.148,-0.946807,"6"
28,0.275486,1.36719,-0.196251,-0.176953,-0.669296,-0.43686,0.192634,-0.356817,0.516326,1.06115,-1.0182,1.06115,-1.73954,-0.603581,-0.392383,-0.968392,-0.367334,-0.387882,-0.318976,-0.342965,-0.0879394,-0.244539,-0.401053,-0.579818,-0.500316,-0.299039,-1.12457,-0.322043,"5"
33,0.275486,1.36719,-0.320622,-0.253095,0.1887,0.526217,0.192634,1.18146,0.516326,1.06115,-1.0182,1.06115,-1.73954,1.64824,2.5354,0.798392,-0.367334,-0.387882,-0.318976,-0.342965,-0.0879394,-0.244539,-0.401053,-0.579818,1.98843,-0.299039,-1.12457,-0.322043,"0"
35,0.275486,-0.925907,-0.0354901,-0.23134,1.3327,0.526217,-0.66647,1.18146,0.516326,1.06115,0.977062,1.06115,0.571902,-0.603581,-0.392383,0.798392,-0.367334,-0.387882,-0.318976,-0.342965,-0.0879394,-0.244539,-0.401053,-0.579818,-0.500316,-0.299039,0.0117143,0.927484,"5"
40,0.275486,-0.161541,-0.321543,-0.253095,-0.669296,-0.43686,-0.66647,-1.12596,-1.92678,1.06115,-1.0182,-0.937519,0.571902,-0.603581,-0.392383,-0.379464,-0.367334,-0.387882,-0.318976,-0.342965,0.59447,4.06824,-0.401053,-0.579818,-0.500316,-0.299039,-0.556429,-0.322043,"2"
41,0.275486,-0.161541,-0.164928,-0.23134,1.3327,-0.43686,-0.66647,-0.356817,0.516326,1.06115,-1.0182,1.06115,-1.73954,-0.603581,-0.392383,-0.968392,-0.367334,-0.387882,-0.318976,-0.342965,-0.0879394,-0.244539,-0.401053,1.71579,1.98843,-0.299039,-1.12457,-0.946807,"5"
46,-0.368421,-0.925907,-0.263503,-0.0899344,-0.0972986,-0.43686,-0.66647,-0.356817,0.516326,-0.937519,0.977062,-0.937519,0.571902,-0.603581,-0.392383,1.38732,-0.367334,-0.387882,-0.318976,-0.342965,-0.315409,-0.244539,2.48059,-0.579818,-0.500316,-0.299039,1.148,-0.946807,"6"
49,-1.65624,1.36719,-0.322464,-0.253095,-1.24129,-0.43686,-0.66647,1.9506,0.516326,1.06115,0.977062,1.06115,0.571902,1.64824,-0.392383,-0.379464,1.79214,-0.387882,-0.318976,-0.342965,1.95929,-0.244539,-0.401053,-0.579818,1.98843,-0.299039,-0.556429,-0.322043,"1"
50,-1.65624,1.36719,-0.299893,-0.187831,-0.955295,-0.43686,-0.66647,-0.356817,0.516326,-0.937519,0.977062,-0.937519,0.571902,-0.603581,-0.392383,0.209464,-0.367334,2.20691,-0.318976,-0.342965,-0.315409,-0.244539,-0.401053,-0.579818,-0.500316,-0.299039,0.0117143,0.302721,"0"
52,0.275486,-0.925907,0.138629,0.258141,0.760698,-0.43686,0.622187,0.412322,0.516326,-0.937519,-1.0182,1.06115,0.571902,1.64824,-0.392383,1.97625,-0.367334,-0.387882,-0.318976,-0.342965,-0.315409,-0.244539,-0.401053,-0.579818,1.98843,3.32681,-1.12457,2.17701,"2"
53,-1.65624,1.36719,-0.312791,-0.198708,-0.955295,-0.43686,0.622187,-1.12596,-1.92678,-0.937519,0.977062,-0.937519,0.571902,-0.603581,-0.392383,0.209464,-0.367334,-0.387882,-0.318976,-0.342965,-0.315409,-0.244539,-0.401053,-0.579818,-0.500316,-0.299039,0.0117143,0.302721,"0"
55,0.275486,-0.925907,0.240429,0.0841033,1.3327,-0.43686,0.622187,-0.356817,0.516326,1.06115,-1.0182,1.06115,-1.73954,-0.603581,-0.392383,-0.379464,-0.367334,-0.387882,-0.318976,-0.342965,-0.315409,-0.244539,-0.401053,-0.579818,-0.500316,-0.299039,-0.556429,-0.946807,"1"
56,-0.368421,1.36719,-0.322003,-0.253095,0.1887,-0.43686,-0.66647,-0.356817,0.516326,-0.937519,0.977062,-0.937519,0.571902,-0.603581,-0.392383,1.38732,-0.367334,2.20691,-0.318976,-0.342965,-0.315409,-0.244539,-0.401053,-0.579818,-0.500316,-0.299039,1.148,1.55225,"1"
85,0.919394,-0.925907,-0.122089,-0.100812,0.760698,-0.43686,0.622187,0.412322,0.516326,1.06115,-1.0182,-0.937519,0.571902,1.64824,-0.392383,-0.968392,-0.367334,-0.387882,-0.318976,-0.342965,0.367,-0.244539,-0.401053,-0.579818,-0.500316,-0.299039,-1.12457,2.17701,"2"
92,0.919394,-0.925907,-0.277322,-0.23134,0.760698,-0.43686,0.622187,0.412322,0.516326,1.06115,-1.0182,-0.937519,0.571902,1.64824,-0.392383,1.97625,-0.367334,-0.387882,-0.318976,-0.342965,-0.0879394,-0.244539,2.48059,-0.579818,-0.500316,-0.299039,1.71614,-0.322043,"2"
95,1.5633,-0.925907,-0.322464,-0.253095,-1.24129,-0.43686,-0.66647,0.412322,0.516326,-0.937519,0.977062,1.06115,0.571902,-0.603581,-0.392383,-0.968392,-0.367334,-0.387882,-0.318976,-0.342965,-0.0879394,-0.244539,-0.401053,1.71579,1.98843,-0.299039,-1.12457,0.302721,"1"
98,0.919394,-0.925907,-0.317858,-0.220463,0.760698,-0.43686,0.192634,0.412322,0.516326,1.06115,-1.0182,-0.937519,0.571902,-0.603581,2.5354,-0.968392,-0.367334,-0.387882,-0.318976,-0.342965,-0.315409,-0.244539,-0.401053,-0.579818,1.98843,-0.299039,-1.12457,-0.946807,"2"
102,-0.368421,-0.925907,-0.322464,-0.253095,-0.383298,-0.43686,0.192634,-0.356817,0.516326,-0.937519,0.977062,1.06115,-1.73954,-0.603581,-0.392383,-0.968392,-0.367334,-0.387882,-0.318976,-0.342965,-0.315409,-0.244539,-0.401053,1.71579,-0.500316,-0.299039,0.0117143,-0.946807,"0"
105,0.275486,-0.161541,-0.268109,-0.187831,1.3327,-0.43686,0.622187,-0.356817,0.516326,1.06115,-1.0182,-0.937519,-1.73954,1.64824,-0.392383,-0.968392,-0.367334,-0.387882,-0.318976,-0.342965,-0.0879394,-0.244539,-0.401053,-0.579818,-0.500316,-0.299039,1.71614,-0.322043,"5"
106,0.919394,-0.925907,-0.169074,-0.111689,1.3327,-0.43686,5.34726,0.412322,0.516326,-0.937519,0.977062,1.06115,0.571902,-0.603581,-0.392383,-0.968392,-0.367334,-0.387882,-0.318976,1.95135,-0.0879394,4.06824,-0.401053,-0.579818,-0.500316,-0.299039,0.0117143,1.55225,"2"
110,1.5633,-0.925907,-0.322464,-0.253095,1.3327,-0.43686,-0.66647,-0.356817,-1.92678,-0.937519,0.977062,-0.937519,0.571902,-0.603581,-0.392383,0.209464,-0.367334,-0.387882,-0.318976,-0.342965,-0.0879394,-0.244539,-0.401053,1.71579,-0.500316,-0.299039,0.0117143,0.302721,"1"
125,-1.65624,1.36719,-0.263503,-0.220463,-0.955295,-0.43686,0.622187,-1.12596,-1.92678,-0.937519,0.977062,-0.937519,0.571902,-0.603581,-0.392383,0.209464,-0.367334,-0.387882,-0.318976,-0.342965,-0.315409,-0.244539,-0.401053,-0.579818,-0.500316,-0.299039,0.0117143,0.302721,"0"
127,0.275486,-0.925907,0.103621,0.356037,1.3327,2.45237,-0.66647,-1.12596,-1.92678,1.06115,-1.0182,-0.937519,0.571902,-0.603581,-0.392383,-0.379464,-0.367334,-0.387882,-0.318976,-0.342965,-0.315409,-0.244539,-0.401053,-0.579818,-0.500316,-0.299039,-0.556429,-0.322043,"2"
136,-1.01233,0.602825,-0.134987,-0.220463,-0.955295,-0.43686,0.622187,1.9506,0.516326,1.06115,0.977062,1.06115,0.571902,1.64824,-0.392383,-0.968392,1.79214,-0.387882,-0.318976,-0.342965,-0.0879394,-0.244539,-0.401053,1.71579,1.98843,3.32681,-1.12457,0.302721,"0"
146,0.275486,-0.925907,-0.322464,-0.253095,0.1887,-0.43686,0.622187,0.412322,0.516326,1.06115,-1.0182,1.06115,-1.73954,1.64824,-0.392383,-0.379464,-0.367334,-0.387882,-0.318976,-0.342965,0.139531,-0.244539,2.48059,-0.579818,-0.500316,-0.299039,-0.556429,-0.322043,"0"
149,0.275486,-0.161541,-0.322464,-0.253095,-1.24129,-0.43686,-0.66647,-0.356817,0.516326,1.06115,-1.0182,-0.937519,0.571902,-0.603581,-0.392383,-0.968392,-0.367334,-0.387882,-0.318976,-0.342965,-0.315409,-0.244539,-0.401053,-0.579818,-0.500316,-0.299039,-1.12457,-0.322043,"1"
159,0.275486,0.602825,-0.322464,-0.253095,-1.24129,-0.43686,-0.66647,2.71974,0.516326,1.06115,0.977062,1.06115,0.571902,-0.603581,2.5354,0.209464,-0.367334,2.20691,3.11887,1.95135,-0.315409,-0.244539,-0.401053,1.71579,-0.500316,-0.299039,1.148,0.302721,"1"
164,-1.01233,1.36719,-0.293444,-0.253095,0.1887,-0.43686,1.48129,0.412322,0.516326,1.06115,-1.0182,1.06115,0.571902,-0.603581,-0.392383,-0.968392,-0.367334,-0.387882,-0.318976,-0.342965,-0.0879394,-0.244539,-0.401053,-0.579818,-0.500316,-0.299039,-0.556429,-0.322043,"1"
167,-0.368421,-0.925907,-0.303578,-0.187831,-0.383298,-0.43686,-0.66647,-1.12596,0.516326,-0.937519,-1.0182,-0.937519,0.571902,-0.603581,-0.392383,-0.968392,-0.367334,2.20691,-0.318976,-0.342965,-0.315409,-0.244539,-0.401053,-0.579818,-0.500316,-0.299039,-1.12457,-0.946807,"1"
176,0.919394,-0.925907,0.0372899,0.236386,1.0467,-0.43686,-0.66647,-1.12596,0.516326,-0.937519,-1.0182,-0.937519,0.571902,-0.603581,-0.392383,-0.968392,-0.367334,-0.387882,-0.318976,-0.342965,-0.0879394,4.06824,-0.401053,-0.579818,-0.500316,-0.299039,-1.12457,-0.946807,"2"
184,-1.65624,1.36719,3.99044,2.25957,-1.24129,-0.43686,4.91771,-0.356817,0.516326,-0.937519,0.977062,-0.937519,0.571902,-0.603581,-0.392383,1.38732,-0.367334,-0.387882,-0.318976,1.95135,11.0581,-0.244539,-0.401053,-0.579818,-0.500316,-0.299039,0.0117143,-0.946807,"1"
189,0.919394,-0.925907,-0.169074,0.399547,1.3327,-0.43686,-0.66647,-1.12596,0.516326,-0.937519,-1.0182,1.06115,-1.73954,-0.603581,-0.392383,-0.968392,-0.367334,-0.387882,-0.318976,-0.342965,-0.0879394,-0.244539,-0.401053,-0.579818,-0.500316,-0.299039,-1.12457,-0.946807,"6"
33,0.275486,1.36719,-0.320622,-0.253095,0.1887,0.526217,0.192634,1.18146,0.516326,1.06115,-1.0182,1.06115,-1.73954,1.64824,2.5354,0.798392,-0.367334,-0.387882,-0.318976,-0.342965,-0.0879394,-0.244539,-0.401053,-0.579818,1.98843,-0.299039,-1.12457,-0.322043,"0"
146,0.275486,-0.925907,-0.322464,-0.253095,0.1887,-0.43686,0.622187,0.412322,0.516326,1.06115,-1.0182,1.06115,-1.73954,1.64824,-0.392383,-0.379464,-0.367334,-0.387882,-0.318976,-0.342965,0.139531,-0.244539,2.48059,-0.579818,-0.500316,-0.299039,-0.556429,-0.322043,"0"
5,-0.368421,-0.925907,-0.322464,-0.253095,0.1887,2.45237,-0.66647,-0.356817,0.516326,-0.937519,0.977062,1.06115,-1.73954,-0.603581,-0.392383,0.798392,-0.367334,-0.387882,-0.318976,-0.342965,-0.315409,-0.244539,-0.401053,-0.579818,-0.500316,-0.299039,0.0117143,-0.946807,"0"
53,-1.65624,1.36719,-0.312791,-0.198708,-0.955295,-0.43686,0.622187,-1.12596,-1.92678,-0.937519,0.977062,-0.937519,0.571902,-0.603581,-0.392383,0.209464,-0.367334,-0.387882,-0.318976,-0.342965,-0.315409,-0.244539,-0.401053,-0.579818,-0.500316,-0.299039,0.0117143,0.302721,"0"
19,0.275486,-0.925907,-0.270413,-0.220463,-0.669296,-0.43686,-0.66647,-1.12596,0.516326,1.06115,-1.0182,-0.937519,-1.73954,-0.603581,-0.392383,-0.379464,-0.367334,-0.387882,-0.318976,-0.342965,-0.0879394,-0.244539,-0.401053,-0.579818,-0.500316,-0.299039,-0.556429,-0.322043,"5"
105,0.275486,-0.161541,-0.268109,-0.187831,1.3327,-0.43686,0.622187,-0.356817,0.516326,1.06115,-1.0182,-0.937519,-1.73954,1.64824,-0.392383,-0.968392,-0.367334,-0.387882,-0.318976,-0.342965,-0.0879394,-0.244539,-0.401053,-0.579818,-0.500316,-0.299039,1.71614,-0.322043,"5"
35,0.275486,-0.925907,-0.0354901,-0.23134,1.3327,0.526217,-0.66647,1.18146,0.516326,1.06115,0.977062,1.06115,0.571902,-0.603581,-0.392383,0.798392,-0.367334,-0.387882,-0.318976,-0.342965,-0.0879394,-0.244539,-0.401053,-0.579818,-0.500316,-0.299039,0.0117143,0.927484,"5"
23,0.275486,-0.161541,-0.0460846,-0.242217,1.3327,-0.43686,1.48129,-0.356817,-1.92678,-0.937519,0.977062,-0.937519,0.571902,1.64824,-0.392383,0.209464,-0.367334,-0.387882,-0.318976,-0.342965,-0.315409,-0.244539,-0.401053,-0.579818,-0.500316,-0.299039,0.0117143,0.302721,"5"
23,0.275486,-0.161541,-0.0460846,-0.242217,1.3327,-0.43686,1.48129,-0.356817,-1.92678,-0.937519,0.977062,-0.937519,0.571902,1.64824,-0.392383,0.209464,-0.367334,-0.387882,-0.318976,-0.342965,-0.315409,-0.244539,-0.401053,-0.579818,-0.500316,-0.299039,0.0117143,0.302721,"5"
35,0.275486,-0.925907,-0.0354901,-0.23134,1.3327,0.526217,-0.66647,1.18146,0.516326,1.06115,0.977062,1.06115,0.571902,-0.603581,-0.392383,0.798392,-0.367334,-0.387882,-0.318976,-0.342965,-0.0879394,-0.244539,-0.401053,-0.579818,-0.500316,-0.299039,0.0117143,0.927484,"5"
189,0.919394,-0.925907,-0.169074,0.399547,1.3327,-0.43686,-0.66647,-1.12596,0.516326,-0.937519,-1.0182,1.06115,-1.73954,-0.603581,-0.392383,-0.968392,-0.367334,-0.387882,-0.318976,-0.342965,-0.0879394,-0.244539,-0.401053,-0.579818,-0.500316,-0.299039,-1.12457,-0.946807,"6"
27,-0.368421,-0.925907,-0.271334,-0.155199,-0.0972986,-0.43686,0.622187,1.18146,0.516326,1.06115,0.977062,1.06115,0.571902,-0.603581,-0.392383,-0.968392,-0.367334,-0.387882,-0.318976,-0.342965,-0.0879394,-0.244539,-0.401053,1.71579,1.98843,-0.299039,1.148,-0.946807,"6"
27,-0.368421,-0.925907,-0.271334,-0.155199,-0.0972986,-0.43686,0.622187,1.18146,0.516326,1.06115,0.977062,1.06115,0.571902,-0.603581,-0.392383,-0.968392,-0.367334,-0.387882,-0.318976,-0.342965,-0.0879394,-0.244539,-0.401053,1.71579,1.98843,-0.299039,1.148,-0.946807,"6"
27,-0.368421,-0.925907,-0.271334,-0.155199,-0.0972986,-0.43686,0.622187,1.18146,0.516326,1.06115,0.977062,1.06115,0.571902,-0.603581,-0.392383,-0.968392,-0.367334,-0.387882,-0.318976,-0.342965,-0.0879394,-0.244539,-0.401053,1.71579,1.98843,-0.299039,1.148,-0.946807,"6"
27,-0.368421,-0.925907,-0.271334,-0.155199,-0.0972986,-0.43686,0.622187,1.18146,0.516326,1.06115,0.977062,1.06115,0.571902,-0.603581,-0.392383,-0.968392,-0.367334,-0.387882,-0.318976,-0.342965,-0.0879394,-0.244539,-0.401053,1.71579,1.98843,-0.299039,1.148,-0.946807,"6"
46,-0.368421,-0.925907,-0.263503,-0.0899344,-0.0972986,-0.43686,-0.66647,-0.356817,0.516326,-0.937519,0.977062,-0.937519,0.571902,-0.603581,-0.392383,1.38732,-0.367334,-0.387882,-0.318976,-0.342965,-0.315409,-0.244539,2.48059,-0.579818,-0.500316,-0.299039,1.148,-0.946807,"6"
189,0.919394,-0.925907,-0.169074,0.399547,1.3327,-0.43686,-0.66647,-1.12596,0.516326,-0.937519,-1.0182,1.06115,-1.73954,-0.603581,-0.392383,-0.968392,-0.367334,-0.387882,-0.318976,-0.342965,-0.0879394,-0.244539,-0.401053,-0.579818,-0.500316,-0.299039,-1.12457,-0.946807,"6"
46,-0.368421,-0.925907,-0.263503,-0.0899344,-0.0972986,-0.43686,-0.66647,-0.356817,0.516326,-0.937519,0.977062,-0.937519,0.571902,-0.603581,-0.392383,1.38732,-0.367334,-0.387882,-0.318976,-0.342965,-0.315409,-0.244539,2.48059,-0.579818,-0.500316,-0.299039,1.148,-0.946807,"6"
46,-0.368421,-0.925907,-0.263503,-0.0899344,-0.0972986,-0.43686,-0.66647,-0.356817,0.516326,-0.937519,0.977062,-0.937519,0.571902,-0.603581,-0.392383,1.38732,-0.367334,-0.387882,-0.318976,-0.342965,-0.315409,-0.244539,2.48059,-0.579818,-0.500316,-0.299039,1.148,-0.946807,"6"
85,0.919394,-0.925907,-0.122089,-0.100812,0.760698,-0.43686,0.622187,0.412322,0.516326,1.06115,-1.0182,-0.937519,0.571902,1.64824,-0.392383,-0.968392,-0.367334,-0.387882,-0.318976,-0.342965,0.367,-0.244539,-0.401053,-0.579818,-0.500316,-0.299039,-1.12457,2.17701,"2"
106,0.919394,-0.925907,-0.169074,-0.111689,1.3327,-0.43686,5.34726,0.412322,0.516326,-0.937519,0.977062,1.06115,0.571902,-0.603581,-0.392383,-0.968392,-0.367334,-0.387882,-0.318976,1.95135,-0.0879394,4.06824,-0.401053,-0.579818,-0.500316,-0.299039,0.0117143,1.55225,"2"
85,0.919394,-0.925907,-0.122089,-0.100812,0.760698,-0.43686,0.622187,0.412322,0.516326,1.06115,-1.0182,-0.937519,0.571902,1.64824,-0.392383,-0.968392,-0.367334,-0.387882,-0.318976,-0.342965,0.367,-0.244539,-0.401053,-0.579818,-0.500316,-0.299039,-1.12457,2.17701,"2"
176,0.919394,-0.925907,0.0372899,0.236386,1.0467,-0.43686,-0.66647,-1.12596,0.516326,-0.937519,-1.0182,-0.937519,0.571902,-0.603581,-0.392383,-0.968392,-0.367334,-0.387882,-0.318976,-0.342965,-0.0879394,4.06824,-0.401053,-0.579818,-0.500316,-0.299039,-1.12457,-0.946807,"2"
1,0.919394,-0.925907,-0.0239743,-0.0790571,1.3327,-0.43686,0.622187,1.18146,0.516326,1.06115,-1.0182,1.06115,0.571902,1.64824,-0.392383,-0.379464,-0.367334,-0.387882,-0.318976,-0.342965,-0.0879394,-0.244539,-0.401053,1.71579,-0.500316,-0.299039,1.71614,-0.322043,"2"
3,0.275486,-0.925907,0.777526,-0.0355477,0.760698,1.48929,-0.66647,-0.356817,0.516326,1.06115,-1.0182,-0.937519,0.571902,-0.603581,-0.392383,-0.379464,-0.367334,-0.387882,-0.318976,-0.342965,-0.0879394,4.06824,-0.401053,-0.579818,-0.500316,-0.299039,-0.556429,1.55225,"2"
6,0.275486,-0.161541,0.251945,-0.176953,1.3327,-0.43686,0.192634,-0.356817,0.516326,-0.937519,-1.0182,1.06115,-1.73954,1.64824,-0.392383,-0.968392,-0.367334,-0.387882,-0.318976,-0.342965,-0.0879394,-0.244539,-0.401053,1.71579,-0.500316,-0.299039,-1.12457,2.17701,"5"
11,1.5633,-0.161541,3.2198,-0.0899344,-1.24129,-0.43686,-0.66647,-0.356817,0.516326,-0.937519,0.977062,-0.937519,0.571902,-0.603581,-0.392383,0.209464,-0.367334,2.20691,3.11887,1.95135,1.04941,-0.244539,-0.401053,-0.579818,-0.500316,-0.299039,1.148,0.302721,"1"
25,-1.65624,1.36719,-0.322464,-0.253095,-1.24129,-0.43686,-0.66647,1.9506,0.516326,1.06115,0.977062,1.06115,0.571902,-0.603581,2.5354,0.209464,-0.367334,2.20691,3.11887,1.95135,-0.315409,-0.244539,-0.401053,1.71579,1.98843,3.32681,1.148,0.302721,"1"
34,-1.65624,1.36719,-0.322464,-0.253095,-1.24129,-0.43686,-0.66647,1.9506,0.516326,1.06115,0.977062,1.06115,0.571902,-0.603581,2.5354,0.209464,1.79214,2.20691,3.11887,1.95135,0.59447,-0.244539,-0.401053,1.71579,1.98843,3.32681,1.148,0.302721,"1"
43,-1.65624,1.36719,-0.298972,-0.23134,-0.955295,-0.43686,1.48129,-0.356817,0.516326,-0.937519,0.977062,-0.937519,0.571902,-0.603581,-0.392383,0.209464,-0.367334,-0.387882,-0.318976,-0.342965,-0.315409,-0.244539,-0.401053,-0.579818,-0.500316,-0.299039,0.0117143,0.302721,"0"
44,-1.65624,1.36719,-0.269491,-0.144321,-0.955295,-0.43686,1.48129,-0.356817,0.516326,-0.937519,0.977062,-0.937519,0.571902,-0.603581,-0.392383,0.209464,-0.367334,-0.387882,-0.318976,-0.342965,-0.0879394,-0.244539,2.48059,-0.579818,-0.500316,-0.299039,0.0117143,0.302721,"6"
51,-1.01233,0.602825,-0.191644,-0.166076,-0.955295,-0.43686,0.622187,-0.356817,0.516326,-0.937519,0.977062,1.06115,-1.73954,-0.603581,-0.392383,0.798392,-0.367334,-0.387882,-0.318976,-0.342965,-0.315409,-0.244539,-0.401053,-0.579818,-0.500316,-0.299039,0.579858,-0.946807,"0"
57,-1.01233,0.602825,-0.316937,-0.253095,-1.24129,-0.43686,-0.66647,1.9506,0.516326,1.06115,0.977062,1.06115,0.571902,-0.603581,-0.392383,0.209464,1.79214,2.20691,3.11887,1.95135,-0.315409,-0.244539,-0.401053,1.71579,1.98843,3.32681,1.148,0.302721,"1"
64,0.275486,1.36719,-0.317858,-0.242217,-1.24129,-0.43686,1.48129,0.412322,0.516326,1.06115,0.977062,-0.937519,0.571902,-0.603581,-0.392383,-0.968392,-0.367334,-0.387882,-0.318976,-0.342965,-0.315409,-0.244539,-0.401053,-0.579818,-0.500316,-0.299039,-1.12457,-0.322043,"5"
75,0.275486,1.36719,-0.305881,-0.242217,0.1887,0.526217,0.192634,0.412322,0.516326,1.06115,-1.0182,1.06115,-1.73954,1.64824,-0.392383,0.798392,-0.367334,-0.387882,-0.318976,-0.342965,-0.0879394,-0.244539,-0.401053,-0.579818,-0.500316,-0.299039,-1.12457,-0.322043,"5"
81,-0.368421,1.36719,-0.275019,-0.253095,0.1887,-0.43686,-0.66647,-0.356817,0.516326,-0.937519,0.977062,-0.937519,0.571902,-0.603581,-0.392383,0.209464,-0.367334,2.20691,-0.318976,-0.342965,-0.315409,-0.244539,-0.401053,-0.579818,-0.500316,-0.299039,0.0117143,0.302721,"1"
86,-0.368421,1.36719,-0.29022,-0.220463,-1.24129,2.45237,-0.66647,-0.356817,-1.92678,1.06115,-1.0182,-0.937519,0.571902,-0.603581,2.5354,1.38732,-0.367334,-0.387882,-0.318976,-0.342965,-0.315409,-0.244539,-0.401053,-0.579818,-0.500316,-0.299039,-0.556429,2.80178,"0"
88,-0.368421,-0.925907,-0.183814,0.366915,0.1887,2.45237,-0.66647,-0.356817,0.516326,1.06115,-1.0182,-0.937519,0.571902,-0.603581,-0.392383,1.38732,-0.367334,-0.387882,-0.318976,-0.342965,-0.315409,-0.244539,-0.401053,-0.579818,-0.500316,-0.299039,-0.556429,-0.946807,"0"
97,0.919394,-0.925907,-0.213755,-0.220463,1.3327,-0.43686,0.622187,-0.356817,0.516326,-0.937519,0.977062,-0.937519,0.571902,-0.603581,-0.392383,-0.968392,1.79214,-0.387882,-0.318976,-0.342965,-0.315409,-0.244539,-0.401053,-0.579818,-0.500316,-0.299039,-1.12457,-0.946807,"6"
103,-0.368421,-0.925907,-0.321082,-0.253095,-0.383298,-0.43686,0.622187,-0.356817,0.516326,-0.937519,0.977062,-0.937519,0.571902,-0.603581,-0.392383,-0.968392,-0.367334,-0.387882,-0.318976,-0.342965,-0.315409,-0.244539,-0.401053,-0.579818,-0.500316,-0.299039,-1.12457,0.302721,"0"
113,-1.65624,1.36719,0.586364,0.584462,-0.955295,2.45237,-0.66647,0.412322,0.516326,1.06115,-1.0182,-0.937519,0.571902,-0.603581,2.5354,-0.379464,-0.367334,-0.387882,-0.318976,-0.342965,-0.315409,-0.244539,-0.401053,-0.579818,1.98843,-0.299039,-0.556429,-0.946807,"0"
124,1.5633,-0.161541,-0.199015,-0.23134,-1.24129,-0.43686,-0.66647,-0.356817,0.516326,-0.937519,0.977062,-0.937519,0.571902,-0.603581,-0.392383,0.209464,-0.367334,2.20691,3.11887,1.95135,0.59447,-0.244539,-0.401053,-0.579818,-0.500316,-0.299039,1.148,0.302721,"1"
129,0.919394,-0.925907,-0.266728,-0.0573024,1.3327,-0.43686,1.48129,-0.356817,0.516326,-0.937519,0.977062,-0.937519,0.571902,-0.603581,-0.392383,0.209464,1.79214,-0.387882,-0.318976,-0.342965,-0.0879394,-0.244539,-0.401053,-0.579818,-0.500316,-0.299039,0.0117143,0.302721,"6"
130,0.919394,-0.925907,-0.232641,-0.155199,0.760698,-0.43686,0.622187,0.412322,0.516326,1.06115,-1.0182,-0.937519,0.571902,1.64824,-0.392383,-0.968392,-0.367334,-0.387882,-0.318976,-0.342965,-0.0879394,-0.244539,-0.401053,-0.579818,-0.500316,-0.299039,-1.12457,2.17701,"2"
131,-0.368421,-0.925907,-0.173219,-0.209585,0.1887,-0.43686,-0.66647,-0.356817,0.516326,-0.937519,0.977062,-0.937519,0.571902,-0.603581,-0.392383,-0.968392,-0.367334,2.20691,-0.318976,-0.342965,-0.315409,-0.244539,-0.401053,-0.579818,-0.500316,-0.299039,-1.12457,-0.946807,"1"
133,0.919394,-0.925907,0.0478844,0.660603,0.1887,0.526217,-0.66647,-1.12596,-1.92678,1.06115,-1.0182,-0.937519,0.571902,-0.603581,-0.392383,-0.379464,-0.367334,-0.387882,-0.318976,-0.342965,-0.0879394,4.06824,-0.401053,-0.579818,-0.500316,-0.299039,1.148,-0.322043,"2"
134,-1.01233,1.36719,-0.287456,-0.23134,-0.955295,-0.43686,-0.66647,-0.356817,0.516326,-0.937519,0.977062,-0.937519,0.571902,-0.603581,-0.392383,-0.968392,-0.367334,-0.387882,-0.318976,8.8343,0.139531,-0.244539,-0.401053,-0.579818,-0.500316,-0.299039,1.148,1.55225,"0"
147,0.919394,-0.925907,0.667896,-0.155199,0.760698,-0.43686,-0.66647,-1.12596,-1.92678,1.06115,-1.0182,-0.937519,0.571902,-0.603581,-0.392383,-0.379464,-0.367334,-0.387882,-0.318976,-0.342965,-0.315409,-0.244539,-0.401053,1.71579,-0.500316,3.32681,-0.556429,-0.322043,"2"
148,0.275486,1.36719,-0.23218,-0.187831,-0.669296,2.45237,-0.66647,-0.356817,0.516326,1.06115,-1.0182,1.06115,-1.73954,-0.603581,-0.392383,-0.379464,-0.367334,-0.387882,-0.318976,-0.342965,-0.0879394,-0.244539,-0.401053,-0.579818,-0.500316,-0.299039,-0.556429,-0.946807,"2"
153,0.275486,-0.925907,-0.0290412,-0.198708,1.3327,-0.43686,-0.66647,-1.12596,-1.92678,-0.937519,0.977062,-0.937519,0.571902,-0.603581,-0.392383,0.209464,-0.367334,-0.387882,-0.318976,-0.342965,-0.0879394,-0.244539,-0.401053,-0.579818,-0.500316,-0.299039,0.0117143,0.302721,"2"
154,0.275486,-0.161541,0.239968,0.0623486,0.1887,-0.43686,0.622187,1.18146,0.516326,1.06115,0.977062,-0.937519,0.571902,-0.603581,2.5354,2.56518,-0.367334,2.20691,3.11887,-0.342965,-0.315409,-0.244539,-0.401053,-0.579818,-0.500316,-0.299039,2.28429,0.302721,"1"
157,-0.368421,1.36719,-0.0898447,0.160245,-0.955295,-0.43686,0.622187,-1.12596,0.516326,-0.937519,-1.0182,1.06115,-1.73954,-0.603581,-0.392383,-0.968392,-0.367334,-0.387882,-0.318976,-0.342965,-0.315409,-0.244539,-0.401053,-0.579818,-0.500316,-0.299039,-1.12457,-0.946807,"0"
160,-1.65624,1.36719,-0.322464,-0.253095,-1.24129,-0.43686,-0.66647,1.18146,0.516326,1.06115,-1.0182,1.06115,0.571902,1.64824,-0.392383,-0.379464,-0.367334,-0.387882,-0.318976,-0.342965,0.139531,-0.244539,2.48059,-0.579818,-0.500316,-0.299039,-0.556429,-0.946807,"1"
162,-1.65624,1.36719,-0.322464,-0.253095,-1.24129,4.37852,-0.66647,0.412322,-1.92678,1.06115,0.977062,1.06115,0.571902,-0.603581,-0.392383,-0.379464,-0.367334,-0.387882,-0.318976,-0.342965,-0.315409,-0.244539,-0.401053,1.71579,1.98843,3.32681,0.0117143,-0.322043,"1"
178,1.5633,-0.161541,-0.322464,-0.253095,-1.24129,-0.43686,-0.66647,1.18146,0.516326,-0.937519,0.977062,1.06115,0.571902,-0.603581,-0.392383,0.209464,-0.367334,2.20691,3.11887,1.95135,1.73182,-0.244539,-0.401053,-0.579818,-0.500316,-0.299039,1.148,0.302721,"1"
183,-1.65624,1.36719,-0.322464,-0.253095,-1.24129,-0.43686,-0.66647,1.9506,0.516326,1.06115,0.977062,1.06115,0.571902,-0.603581,-0.392383,1.38732,-0.367334,-0.387882,-0.318976,-0.342965,-0.315409,-0.244539,-0.401053,1.71579,1.98843,3.32681,1.148,1.55225,"1"
193,0.275486,-0.161541,0.0243922,-0.187831,1.3327,2.45237,-0.66647,0.412322,0.516326,1.06115,-1.0182,-0.937519,-1.73954,1.64824,2.5354,-0.379464,-0.367334,-0.387882,-0.318976,-0.342965,-0.315409,-0.244539,-0.401053,-0.579818,1.98843,-0.299039,-0.556429,3.42654,"5"
194,0.275486,-0.161541,-0.142357,-0.166076,1.3327,-0.43686,2.3404,1.18146,0.516326,1.06115,-1.0182,1.06115,0.571902,1.64824,-0.392383,-0.379464,-0.367334,-0.387882,-0.318976,-0.342965,-0.0879394,-0.244539,2.48059,1.71579,1.98843,-0.299039,-0.556429,-0.322043,"5"
148,0.275486,1.36719,-0.23218,-0.187831,-0.669296,2.45237,-0.66647,-0.356817,0.516326,1.06115,-1.0182,1.06115,-1.73954,-0.603581,-0.392383,-0.379464,-0.367334,-0.387882,-0.318976,-0.342965,-0.0879394,-0.244539,-0.401053,-0.579818,-0.500316,-0.299039,-0.556429,-0.946807,"2"
153,0.275486,-0.925907,-0.0290412,-0.198708,1.3327,-0.43686,-0.66647,-1.12596,-1.92678,-0.937519,0.977062,-0.937519,0.571902,-0.603581,-0.392383,0.209464,-0.367334,-0.387882,-0.318976,-0.342965,-0.0879394,-0.244539,-0.401053,-0.579818,-0.500316,-0.299039,0.0117143,0.302721,"2"
130,0.919394,-0.925907,-0.232641,-0.155199,0.760698,-0.43686,0.622187,0.412322,0.516326,1.06115,-1.0182,-0.937519,0.571902,1.64824,-0.392383,-0.968392,-0.367334,-0.387882,-0.318976,-0.342965,-0.0879394,-0.244539,-0.401053,-0.579818,-0.500316,-0.299039,-1.12457,2.17701,"2"
133,0.919394,-0.925907,0.0478844,0.660603,0.1887,0.526217,-0.66647,-1.12596,-1.92678,1.06115,-1.0182,-0.937519,0.571902,-0.603581,-0.392383,-0.379464,-0.367334,-0.387882,-0.318976,-0.342965,-0.0879394,4.06824,-0.401053,-0.579818,-0.500316,-0.299039,1.148,-0.322043,"2"
153,0.275486,-0.925907,-0.0290412,-0.198708,1.3327,-0.43686,-0.66647,-1.12596,-1.92678,-0.937519,0.977062,-0.937519,0.571902,-0.603581,-0.392383,0.209464,-0.367334,-0.387882,-0.318976,-0.342965,-0.0879394,-0.244539,-0.401053,-0.579818,-0.500316,-0.299039,0.0117143,0.302721,"2"
75,0.275486,1.36719,-0.305881,-0.242217,0.1887,0.526217,0.192634,0.412322,0.516326,1.06115,-1.0182,1.06115,-1.73954,1.64824,-0.392383,0.798392,-0.367334,-0.387882,-0.318976,-0.342965,-0.0879394,-0.244539,-0.401053,-0.579818,-0.500316,-0.299039,-1.12457,-0.322043,"5"
64,0.275486,1.36719,-0.317858,-0.242217,-1.24129,-0.43686,1.48129,0.412322,0.516326,1.06115,0.977062,-0.937519,0.571902,-0.603581,-0.392383,-0.968392,-0.367334,-0.387882,-0.318976,-0.342965,-0.315409,-0.244539,-0.401053,-0.579818,-0.500316,-0.299039,-1.12457,-0.322043,"5"
75,0.275486,1.36719,-0.305881,-0.242217,0.1887,0.526217,0.192634,0.412322,0.516326,1.06115,-1.0182,1.06115,-1.73954,1.64824,-0.392383,0.798392,-0.367334,-0.387882,-0.318976,-0.342965,-0.0879394,-0.244539,-0.401053,-0.579818,-0.500316,-0.299039,-1.12457,-0.322043,"5"
6,0.275486,-0.161541,0.251945,-0.176953,1.3327,-0.43686,0.192634,-0.356817,0.516326,-0.937519,-1.0182,1.06115,-1.73954,1.64824,-0.392383,-0.968392,-0.367334,-0.387882,-0.318976,-0.342965,-0.0879394,-0.244539,-0.401053,1.71579,-0.500316,-0.299039,-1.12457,2.17701,"5"
193,0.275486,-0.161541,0.0243922,-0.187831,1.3327,2.45237,-0.66647,0.412322,0.516326,1.06115,-1.0182,-0.937519,-1.73954,1.64824,2.5354,-0.379464,-0.367334,-0.387882,-0.318976,-0.342965,-0.315409,-0.244539,-0.401053,-0.579818,1.98843,-0.299039,-0.556429,3.42654,"5"
193,0.275486,-0.161541,0.0243922,-0.187831,1.3327,2.45237,-0.66647,0.412322,0.516326,1.06115,-1.0182,-0.937519,-1.73954,1.64824,2.5354,-0.379464,-0.367334,-0.387882,-0.318976,-0.342965,-0.315409,-0.244539,-0.401053,-0.579818,1.98843,-0.299039,-0.556429,3.42654,"5"
193,0.275486,-0.161541,0.0243922,-0.187831,1.3327,2.45237,-0.66647,0.412322,0.516326,1.06115,-1.0182,-0.937519,-1.73954,1.64824,2.5354,-0.379464,-0.367334,-0.387882,-0.318976,-0.342965,-0.315409,-0.244539,-0.401053,-0.579818,1.98843,-0.299039,-0.556429,3.42654,"5"
134,-1.01233,1.36719,-0.287456,-0.23134,-0.955295,-0.43686,-0.66647,-0.356817,0.516326,-0.937519,0.977062,-0.937519,0.571902,-0.603581,-0.392383,-0.968392,-0.367334,-0.387882,-0.318976,8.8343,0.139531,-0.244539,-0.401053,-0.579818,-0.500316,-0.299039,1.148,1.55225,"0"
86,-0.368421,1.36719,-0.29022,-0.220463,-1.24129,2.45237,-0.66647,-0.356817,-1.92678,1.06115,-1.0182,-0.937519,0.571902,-0.603581,2.5354,1.38732,-0.367334,-0.387882,-0.318976,-0.342965,-0.315409,-0.244539,-0.401053,-0.579818,-0.500316,-0.299039,-0.556429,2.80178,"0"
43,-1.65624,1.36719,-0.298972,-0.23134,-0.955295,-0.43686,1.48129,-0.356817,0.516326,-0.937519,0.977062,-0.937519,0.571902,-0.603581,-0.392383,0.209464,-0.367334,-0.387882,-0.318976,-0.342965,-0.315409,-0.244539,-0.401053,-0.579818,-0.500316,-0.299039,0.0117143,0.302721,"0"
43,-1.65624,1.36719,-0.298972,-0.23134,-0.955295,-0.43686,1.48129,-0.356817,0.516326,-0.937519,0.977062,-0.937519,0.571902,-0.603581,-0.392383,0.209464,-0.367334,-0.387882,-0.318976,-0.342965,-0.315409,-0.244539,-0.401053,-0.579818,-0.500316,-0.299039,0.0117143,0.302721,"0"
97,0.919394,-0.925907,-0.213755,-0.220463,1.3327,-0.43686,0.622187,-0.356817,0.516326,-0.937519,0.977062,-0.937519,0.571902,-0.603581,-0.392383,-0.968392,1.79214,-0.387882,-0.318976,-0.342965,-0.315409,-0.244539,-0.401053,-0.579818,-0.500316,-0.299039,-1.12457,-0.946807,"6"
97,0.919394,-0.925907,-0.213755,-0.220463,1.3327,-0.43686,0.622187,-0.356817,0.516326,-0.937519,0.977062,-0.937519,0.571902,-0.603581,-0.392383,-0.968392,1.79214,-0.387882,-0.318976,-0.342965,-0.315409,-0.244539,-0.401053,-0.579818,-0.500316,-0.299039,-1.12457,-0.946807,"6"
44,-1.65624,1.36719,-0.269491,-0.144321,-0.955295,-0.43686,1.48129,-0.356817,0.516326,-0.937519,0.977062,-0.937519,0.571902,-0.603581,-0.392383,0.209464,-0.367334,-0.387882,-0.318976,-0.342965,-0.0879394,-0.244539,2.48059,-0.579818,-0.500316,-0.299039,0.0117143,0.302721,"6"
97,0.919394,-0.925907,-0.213755,-0.220463,1.3327,-0.43686,0.622187,-0.356817,0.516326,-0.937519,0.977062,-0.937519,0.571902,-0.603581,-0.392383,-0.968392,1.79214,-0.387882,-0.318976,-0.342965,-0.315409,-0.244539,-0.401053,-0.579818,-0.500316,-0.299039,-1.12457,-0.946807,"6"
97,0.919394,-0.925907,-0.213755,-0.220463,1.3327,-0.43686,0.622187,-0.356817,0.516326,-0.937519,0.977062,-0.937519,0.571902,-0.603581,-0.392383,-0.968392,1.79214,-0.387882,-0.318976,-0.342965,-0.315409,-0.244539,-0.401053,-0.579818,-0.500316,-0.299039,-1.12457,-0.946807,"6"
129,0.919394,-0.925907,-0.266728,-0.0573024,1.3327,-0.43686,1.48129,-0.356817,0.516326,-0.937519,0.977062,-0.937519,0.571902,-0.603581,-0.392383,0.209464,1.79214,-0.387882,-0.318976,-0.342965,-0.0879394,-0.244539,-0.401053,-0.579818,-0.500316,-0.299039,0.0117143,0.302721,"6"
129,0.919394,-0.925907,-0.266728,-0.0573024,1.3327,-0.43686,1.48129,-0.356817,0.516326,-0.937519,0.977062,-0.937519,0.571902,-0.603581,-0.392383,0.209464,1.79214,-0.387882,-0.318976,-0.342965,-0.0879394,-0.244539,-0.401053,-0.579818,-0.500316,-0.299039,0.0117143,0.302721,"6"
97,0.919394,-0.925907,-0.213755,-0.220463,1.3327,-0.43686,0.622187,-0.356817,0.516326,-0.937519,0.977062,-0.937519,0.571902,-0.603581,-0.392383,-0.968392,1.79214,-0.387882,-0.318976,-0.342965,-0.315409,-0.244539,-0.401053,-0.579818,-0.500316,-0.299039,-1.12457,-0.946807,"6"
97,0.919394,-0.925907,-0.213755,-0.220463,1.3327,-0.43686,0.622187,-0.356817,0.516326,-0.937519,0.977062,-0.937519,0.571902,-0.603581,-0.392383,-0.968392,1.79214,-0.387882,-0.318976,-0.342965,-0.315409,-0.244539,-0.401053,-0.579818,-0.500316,-0.299039,-1.12457,-0.946807,"6"
2,-0.368421,-0.925907,-0.309106,-0.220463,0.1887,-0.43686,-0.66647,-0.356817,0.516326,-0.937519,-1.0182,1.06115,-1.73954,1.64824,-0.392383,-0.968392,-0.367334,-0.387882,-0.318976,-0.342965,-0.0879394,-0.244539,-0.401053,-0.579818,1.98843,-0.299039,-1.12457,-0.946807,"6"
8,-1.65624,1.36719,-0.322464,-0.253095,-1.24129,-0.43686,-0.236918,1.18146,0.516326,-0.937519,0.977062,1.06115,0.571902,1.64824,-0.392383,-0.968392,-0.367334,-0.387882,-0.318976,-0.342965,-0.0879394,-0.244539,2.48059,-0.579818,-0.500316,-0.299039,1.71614,-0.946807,"1"
12,-0.368421,-0.925907,-0.283771,-0.166076,-0.383298,-0.43686,0.622187,-1.12596,0.516326,-0.937519,-1.0182,-0.937519,0.571902,-0.603581,-0.392383,-0.968392,-0.367334,-0.387882,-0.318976,-0.342965,-0.315409,-0.244539,-0.401053,-0.579818,-0.500316,-0.299039,-1.12457,-0.946807,"0"
14,0.919394,-0.925907,-0.322003,-0.253095,0.760698,-0.43686,-0.66647,-1.12596,0.516326,-0.937519,-1.0182,-0.937519,0.571902,-0.603581,-0.392383,-0.968392,-0.367334,-0.387882,-0.318976,-0.342965,-0.315409,-0.244539,-0.401053,-0.579818,-0.500316,-0.299039,1.148,-0.946807,"2"
22,-1.01233,0.602825,0.183771,-0.187831,-0.955295,-0.43686,0.622187,-0.356817,0.516326,1.06115,-1.0182,1.06115,-1.73954,-0.603581,-0.392383,-0.968392,-0.367334,-0.387882,-0.318976,-0.342965,-0.315409,-0.244539,-0.401053,-0.579818,-0.500316,-0.299039,-1.12457,-0.322043,"0"
26,0.919394,-0.925907,-0.3197,-0.253095,1.3327,-0.43686,-0.66647,0.412322,0.516326,-0.937519,-1.0182,1.06115,0.571902,1.64824,-0.392383,0.798392,-0.367334,-0.387882,-0.318976,-0.342965,-0.315409,-0.244539,2.48059,1.71579,1.98843,3.32681,1.148,0.927484,"2"
30,0.275486,-0.161541,-0.309566,-0.209585,1.3327,-0.43686,-0.66647,-0.356817,0.516326,1.06115,-1.0182,-0.937519,0.571902,-0.603581,-0.392383,-0.968392,1.79214,-0.387882,3.11887,-0.342965,0.367,-0.244539,-0.401053,-0.579818,-0.500316,-0.299039,1.148,1.55225,"5"
36,0.275486,-0.925907,0.268988,-0.209585,-0.669296,2.45237,-0.66647,-0.356817,0.516326,-0.937519,0.977062,1.06115,-1.73954,-0.603581,-0.392383,0.798392,-0.367334,-0.387882,-0.318976,-0.342965,-0.315409,-0.244539,-0.401053,-0.579818,-0.500316,-0.299039,0.0117143,-0.946807,"5"
37,-1.01233,0.602825,0.0262347,-0.133444,-0.955295,-0.43686,0.192634,-0.356817,0.516326,-0.937519,0.977062,-0.937519,0.571902,-0.603581,-0.392383,-0.968392,-0.367334,-0.387882,-0.318976,1.95135,-0.0879394,-0.244539,-0.401053,-0.579818,-0.500316,-0.299039,0.0117143,-0.946807,"0"
47,-0.368421,-0.925907,-0.302657,-0.198708,0.1887,-0.43686,-0.66647,-1.12596,0.516326,-0.937519,-1.0182,-0.937519,0.571902,-0.603581,-0.392383,-0.968392,-0.367334,2.20691,-0.318976,-0.342965,-0.315409,-0.244539,-0.401053,-0.579818,-0.500316,-0.299039,-1.12457,-0.946807,"1"
60,-0.368421,-0.925907,-0.0704981,0.334283,-0.669296,2.45237,-0.66647,-0.356817,0.516326,-0.937519,0.977062,-0.937519,0.571902,-0.603581,-0.392383,1.38732,-0.367334,-0.387882,-0.318976,-0.342965,-0.315409,-0.244539,-0.401053,-0.579818,-0.500316,-0.299039,0.0117143,-0.946807,"0"
68,-0.368421,1.36719,-0.322464,-0.253095,-1.24129,-0.43686,-0.236918,-0.356817,0.516326,-0.937519,-1.0182,1.06115,0.571902,-0.603581,-0.392383,1.38732,-0.367334,-0.387882,-0.318976,-0.342965,-0.315409,-0.244539,-0.401053,1.71579,-0.500316,-0.299039,1.148,-0.946807,"1"
69,-0.368421,-0.925907,-0.261661,-0.144321,0.1887,-0.43686,3.1995,-1.12596,-1.92678,-0.937519,0.977062,-0.937519,0.571902,-0.603581,-0.392383,0.209464,-0.367334,2.20691,-0.318976,1.95135,-0.315409,-0.244539,-0.401053,-0.579818,-0.500316,-0.299039,0.0117143,0.302721,"1"
73,-1.65624,1.36719,-0.272255,-0.166076,-0.955295,2.45237,-0.66647,-1.12596,-1.92678,-0.937519,0.977062,-0.937519,0.571902,-0.603581,-0.392383,0.209464,-0.367334,-0.387882,-0.318976,-0.342965,-0.315409,-0.244539,-0.401053,-0.579818,-0.500316,-0.299039,0.0117143,0.302721,"0"
74,0.275486,1.36719,-0.209149,-0.187831,-0.669296,2.45237,-0.66647,-0.356817,0.516326,1.06115,-1.0182,1.06115,-1.73954,-0.603581,-0.392383,0.798392,-0.367334,-0.387882,-0.318976,-0.342965,-0.315409,-0.244539,-0.401053,-0.579818,-0.500316,-0.299039,-1.12457,-0.322043,"2"
78,-1.65624,1.36719,-0.270873,-0.209585,-0.955295,-0.43686,0.622187,-1.12596,-1.92678,-0.937519,0.977062,-0.937519,0.571902,-0.603581,-0.392383,0.209464,-0.367334,-0.387882,-0.318976,-0.342965,0.82194,-0.244539,-0.401053,-0.579818,-0.500316,-0.299039,0.0117143,0.302721,"0"
80,-0.368421,-0.925907,-0.279625,-0.133444,1.0467,-0.43686,0.622187,-0.356817,0.516326,1.06115,-1.0182,-0.937519,0.571902,-0.603581,-0.392383,-0.968392,-0.367334,-0.387882,-0.318976,-0.342965,-0.315409,-0.244539,-0.401053,-0.579818,-0.500316,-0.299039,-1.12457,-0.322043,"6"
89,0.275486,1.36719,-0.17368,-0.176953,-0.669296,2.45237,-0.66647,-0.356817,0.516326,1.06115,-1.0182,-0.937519,0.571902,-0.603581,-0.392383,1.38732,-0.367334,-0.387882,-0.318976,-0.342965,-0.315409,-0.244539,-0.401053,-0.579818,-0.500316,-0.299039,-1.12457,-0.322043,"5"
90,-1.65624,1.36719,-0.317397,-0.23134,-1.24129,-0.43686,-0.66647,-0.356817,-1.92678,1.06115,-1.0182,1.06115,-1.73954,1.64824,-0.392383,-0.379464,-0.367334,-0.387882,3.11887,-0.342965,-0.315409,-0.244539,2.48059,-0.579818,-0.500316,-0.299039,0.579858,0.927484,"1"
101,0.275486,-0.925907,0.488249,-0.220463,0.760698,-0.43686,-0.66647,-1.8951,-1.92678,1.06115,-1.0182,-0.937519,-1.73954,-0.603581,-0.392383,-0.379464,-0.367334,-0.387882,-0.318976,-0.342965,-0.315409,-0.244539,-0.401053,-0.579818,-0.500316,-0.299039,-0.556429,-0.322043,"2"
114,1.5633,-0.925907,-0.322003,-0.253095,1.3327,-0.43686,-0.66647,-1.12596,-1.92678,-0.937519,0.977062,-0.937519,0.571902,-0.603581,-0.392383,0.209464,-0.367334,-0.387882,-0.318976,-0.342965,0.59447,-0.244539,-0.401053,-0.579818,-0.500316,-0.299039,0.0117143,0.302721,"1"
117,-1.65624,1.36719,-0.322464,-0.253095,-1.24129,-0.43686,-0.66647,2.71974,0.516326,1.06115,0.977062,1.06115,0.571902,1.64824,-0.392383,0.209464,-0.367334,4.80171,3.11887,1.95135,-0.315409,-0.244539,-0.401053,1.71579,1.98843,-0.299039,1.148,0.302721,"1"
118,0.275486,1.36719,-0.116561,-0.0355477,0.760698,-0.43686,-0.66647,-1.12596,0.516326,1.06115,-1.0182,-0.937519,-1.73954,-0.603581,-0.392383,-0.968392,-0.367334,-0.387882,-0.318976,-0.342965,-0.0879394,-0.244539,-0.401053,-0.579818,-0.500316,-0.299039,-1.12457,-0.946807,"2"
119,0.275486,-0.161541,0.0382111,-0.122567,1.3327,-0.43686,1.48129,1.18146,0.516326,1.06115,-1.0182,1.06115,0.571902,1.64824,-0.392383,0.798392,-0.367334,-0.387882,-0.318976,-0.342965,-0.0879394,-0.244539,2.48059,1.71579,-0.500316,-0.299039,-0.556429,0.927484,"5"
122,-0.368421,-0.925907,-0.303578,-0.100812,0.1887,-0.43686,0.622187,-0.356817,0.516326,-0.937519,0.977062,-0.937519,0.571902,-0.603581,-0.392383,-0.968392,-0.367334,-0.387882,-0.318976,-0.342965,-0.315409,-0.244539,-0.401053,-0.579818,-0.500316,-0.299039,-1.12457,0.302721,"1"
123,-1.65624,1.36719,-0.322464,-0.253095,0.1887,-0.43686,-0.236918,-0.356817,0.516326,-0.937519,0.977062,-0.937519,0.571902,-0.603581,-0.392383,1.38732,-0.367334,-0.387882,-0.318976,-0.342965,1.04941,-0.244539,-0.401053,-0.579818,-0.500316,-0.299039,1.148,1.55225,"1"
137,-1.01233,0.602825,0.269449,-0.100812,-0.955295,2.45237,-0.66647,-1.12596,0.516326,-0.937519,-1.0182,-0.937519,0.571902,-0.603581,-0.392383,-0.968392,-0.367334,-0.387882,-0.318976,-0.342965,-0.315409,-0.244539,-0.401053,-0.579818,-0.500316,-0.299039,-1.12457,-0.946807,"0"
140,-0.368421,1.36719,-0.280086,-0.144321,0.1887,-0.43686,-0.66647,1.18146,0.516326,1.06115,0.977062,1.06115,0.571902,-0.603581,-0.392383,-0.968392,1.79214,-0.387882,-0.318976,-0.342965,-0.315409,-0.244539,-0.401053,1.71579,-0.500316,-0.299039,-0.556429,-0.946807,"0"
142,0.919394,-0.925907,-0.317397,-0.253095,0.760698,-0.43686,-0.66647,-1.12596,-1.92678,-0.937519,-1.0182,-0.937519,0.571902,-0.603581,2.5354,3.1541,-0.367334,-0.387882,-0.318976,-0.342965,-0.315409,-0.244539,-0.401053,-0.579818,-0.500316,-0.299039,1.148,3.42654,"2"
152,1.5633,-0.161541,-0.308645,-0.253095,-1.24129,-0.43686,-0.66647,0.412322,-1.92678,1.06115,0.977062,1.06115,0.571902,-0.603581,-0.392383,-0.379464,-0.367334,-0.387882,-0.318976,-0.342965,0.82194,-0.244539,2.48059,-0.579818,-0.500316,-0.299039,0.0117143,-0.322043,"1"
163,0.275486,-0.925907,0.831881,-0.0355477,0.760698,-0.43686,0.622187,0.412322,0.516326,1.06115,-1.0182,-0.937519,0.571902,1.64824,-0.392383,-0.968392,-0.367334,-0.387882,-0.318976,-0.342965,-0.315409,-0.244539,2.48059,-0.579818,-0.500316,-0.299039,-1.12457,2.17701,"2"
170,0.275486,-0.161541,0.112834,-0.0573024,1.3327,-0.43686,-0.66647,0.412322,-1.92678,1.06115,0.977062,1.06115,-1.73954,1.64824,-0.392383,-0.379464,-0.367334,-0.387882,-0.318976,-0.342965,-0.315409,-0.244539,2.48059,-0.579818,-0.500316,-0.299039,-0.556429,0.302721,"5"
174,-1.01233,1.36719,-0.320161,-0.242217,-1.24129,-0.43686,-0.66647,-0.356817,0.516326,-0.937519,-1.0182,-0.937519,0.571902,1.64824,-0.392383,-0.968392,-0.367334,-0.387882,-0.318976,-0.342965,-0.315409,-0.244539,2.48059,-0.579818,-0.500316,-0.299039,1.148,1.55225,"1"
190,1.5633,0.602825,-0.321082,-0.253095,-1.24129,-0.43686,-0.66647,-0.356817,0.516326,-0.937519,0.977062,-0.937519,0.571902,-0.603581,-0.392383,-0.968392,-0.367334,-0.387882,-0.318976,1.95135,0.82194,-0.244539,-0.401053,-0.579818,-0.500316,-0.299039,0.0117143,-0.946807,"1"
191,-0.368421,-0.925907,-0.204542,-0.0137929,0.1887,-0.43686,0.622187,0.412322,0.516326,-0.937519,0.977062,1.06115,0.571902,-0.603581,-0.392383,-0.968392,-0.367334,-0.387882,-0.318976,-0.342965,-0.0879394,-0.244539,-0.401053,-0.579818,-0.500316,-0.299039,0.0117143,-0.946807,"6"
191,-0.368421,-0.925907,-0.204542,-0.0137929,0.1887,-0.43686,0.622187,0.412322,0.516326,-0.937519,0.977062,1.06115,0.571902,-0.603581,-0.392383,-0.968392,-0.367334,-0.387882,-0.318976,-0.342965,-0.0879394,-0.244539,-0.401053,-0.579818,-0.500316,-0.299039,0.0117143,-0.946807,"6"
191,-0.368421,-0.925907,-0.204542,-0.0137929,0.1887,-0.43686,0.622187,0.412322,0.516326,-0.937519,0.977062,1.06115,0.571902,-0.603581,-0.392383,-0.968392,-0.367334,-0.387882,-0.318976,-0.342965,-0.0879394,-0.244539,-0.401053,-0.579818,-0.500316,-0.299039,0.0117143,-0.946807,"6"
2,-0.368421,-0.925907,-0.309106,-0.220463,0.1887,-0.43686,-0.66647,-0.356817,0.516326,-0.937519,-1.0182,1.06115,-1.73954,1.64824,-0.392383,-0.968392,-0.367334,-0.387882,-0.318976,-0.342965,-0.0879394,-0.244539,-0.401053,-0.579818,1.98843,-0.299039,-1.12457,-0.946807,"6"
2,-0.368421,-0.925907,-0.309106,-0.220463,0.1887,-0.43686,-0.66647,-0.356817,0.516326,-0.937519,-1.0182,1.06115,-1.73954,1.64824,-0.392383,-0.968392,-0.367334,-0.387882,-0.318976,-0.342965,-0.0879394,-0.244539,-0.401053,-0.579818,1.98843,-0.299039,-1.12457,-0.946807,"6"
2,-0.368421,-0.925907,-0.309106,-0.220463,0.1887,-0.43686,-0.66647,-0.356817,0.516326,-0.937519,-1.0182,1.06115,-1.73954,1.64824,-0.392383,-0.968392,-0.367334,-0.387882,-0.318976,-0.342965,-0.0879394,-0.244539,-0.401053,-0.579818,1.98843,-0.299039,-1.12457,-0.946807,"6"
80,-0.368421,-0.925907,-0.279625,-0.133444,1.0467,-0.43686,0.622187,-0.356817,0.516326,1.06115,-1.0182,-0.937519,0.571902,-0.603581,-0.392383,-0.968392,-0.367334,-0.387882,-0.318976,-0.342965,-0.315409,-0.244539,-0.401053,-0.579818,-0.500316,-0.299039,-1.12457,-0.322043,"6"
80,-0.368421,-0.925907,-0.279625,-0.133444,1.0467,-0.43686,0.622187,-0.356817,0.516326,1.06115,-1.0182,-0.937519,0.571902,-0.603581,-0.392383,-0.968392,-0.367334,-0.387882,-0.318976,-0.342965,-0.315409,-0.244539,-0.401053,-0.579818,-0.500316,-0.299039,-1.12457,-0.322043,"6"
191,-0.368421,-0.925907,-0.204542,-0.0137929,0.1887,-0.43686,0.622187,0.412322,0.516326,-0.937519,0.977062,1.06115,0.571902,-0.603581,-0.392383,-0.968392,-0.367334,-0.387882,-0.318976,-0.342965,-0.0879394,-0.244539,-0.401053,-0.579818,-0.500316,-0.299039,0.0117143,-0.946807,"6"
80,-0.368421,-0.925907,-0.279625,-0.133444,1.0467,-0.43686,0.622187,-0.356817,0.516326,1.06115,-1.0182,-0.937519,0.571902,-0.603581,-0.392383,-0.968392,-0.367334,-0.387882,-0.318976,-0.342965,-0.315409,-0.244539,-0.401053,-0.579818,-0.500316,-0.299039,-1.12457,-0.322043,"6"
137,-1.01233,0.602825,0.269449,-0.100812,-0.955295,2.45237,-0.66647,-1.12596,0.516326,-0.937519,-1.0182,-0.937519,0.571902,-0.603581,-0.392383,-0.968392,-0.367334,-0.387882,-0.318976,-0.342965,-0.315409,-0.244539,-0.401053,-0.579818,-0.500316,-0.299039,-1.12457,-0.946807,"0"
37,-1.01233,0.602825,0.0262347,-0.133444,-0.955295,-0.43686,0.192634,-0.356817,0.516326,-0.937519,0.977062,-0.937519,0.571902,-0.603581,-0.392383,-0.968392,-0.367334,-0.387882,-0.318976,1.95135,-0.0879394,-0.244539,-0.401053,-0.579818,-0.500316,-0.299039,0.0117143,-0.946807,"0"
137,-1.01233,0.602825,0.269449,-0.100812,-0.955295,2.45237,-0.66647,-1.12596,0.516326,-0.937519,-1.0182,-0.937519,0.571902,-0.603581,-0.392383,-0.968392,-0.367334,-0.387882,-0.318976,-0.342965,-0.315409,-0.244539,-0.401053,-0.579818,-0.500316,-0.299039,-1.12457,-0.946807,"0"
73,-1.65624,1.36719,-0.272255,-0.166076,-0.955295,2.45237,-0.66647,-1.12596,-1.92678,-0.937519,0.977062,-0.937519,0.571902,-0.603581,-0.392383,0.209464,-0.367334,-0.387882,-0.318976,-0.342965,-0.315409,-0.244539,-0.401053,-0.579818,-0.500316,-0.299039,0.0117143,0.302721,"0"
14,0.919394,-0.925907,-0.322003,-0.253095,0.760698,-0.43686,-0.66647,-1.12596,0.516326,-0.937519,-1.0182,-0.937519,0.571902,-0.603581,-0.392383,-0.968392,-0.367334,-0.387882,-0.318976,-0.342965,-0.315409,-0.244539,-0.401053,-0.579818,-0.500316,-0.299039,1.148,-0.946807,"2"
163,0.275486,-0.925907,0.831881,-0.0355477,0.760698,-0.43686,0.622187,0.412322,0.516326,1.06115,-1.0182,-0.937519,0.571902,1.64824,-0.392383,-0.968392,-0.367334,-0.387882,-0.318976,-0.342965,-0.315409,-0.244539,2.48059,-0.579818,-0.500316,-0.299039,-1.12457,2.17701,"2"
163,0.275486,-0.925907,0.831881,-0.0355477,0.760698,-0.43686,0.622187,0.412322,0.516326,1.06115,-1.0182,-0.937519,0.571902,1.64824,-0.392383,-0.968392,-0.367334,-0.387882,-0.318976,-0.342965,-0.315409,-0.244539,2.48059,-0.579818,-0.500316,-0.299039,-1.12457,2.17701,"2"
14,0.919394,-0.925907,-0.322003,-0.253095,0.760698,-0.43686,-0.66647,-1.12596,0.516326,-0.937519,-1.0182,-0.937519,0.571902,-0.603581,-0.392383,-0.968392,-0.367334,-0.387882,-0.318976,-0.342965,-0.315409,-0.244539,-0.401053,-0.579818,-0.500316,-0.299039,1.148,-0.946807,"2"
163,0.275486,-0.925907,0.831881,-0.0355477,0.760698,-0.43686,0.622187,0.412322,0.516326,1.06115,-1.0182,-0.937519,0.571902,1.64824,-0.392383,-0.968392,-0.367334,-0.387882,-0.318976,-0.342965,-0.315409,-0.244539,2.48059,-0.579818,-0.500316,-0.299039,-1.12457,2.17701,"2"
89,0.275486,1.36719,-0.17368,-0.176953,-0.669296,2.45237,-0.66647,-0.356817,0.516326,1.06115,-1.0182,-0.937519,0.571902,-0.603581,-0.392383,1.38732,-0.367334,-0.387882,-0.318976,-0.342965,-0.315409,-0.244539,-0.401053,-0.579818,-0.500316,-0.299039,-1.12457,-0.322043,"5"
30,0.275486,-0.161541,-0.309566,-0.209585,1.3327,-0.43686,-0.66647,-0.356817,0.516326,1.06115,-1.0182,-0.937519,0.571902,-0.603581,-0.392383,-0.968392,1.79214,-0.387882,3.11887,-0.342965,0.367,-0.244539,-0.401053,-0.579818,-0.500316,-0.299039,1.148,1.55225,"5"
170,0.275486,-0.161541,0.112834,-0.0573024,1.3327,-0.43686,-0.66647,0.412322,-1.92678,1.06115,0.977062,1.06115,-1.73954,1.64824,-0.392383,-0.379464,-0.367334,-0.387882,-0.318976,-0.342965,-0.315409,-0.244539,2.48059,-0.579818,-0.500316,-0.299039,-0.556429,0.302721,"5"
89,0.275486,1.36719,-0.17368,-0.176953,-0.669296,2.45237,-0.66647,-0.356817,0.516326,1.06115,-1.0182,-0.937519,0.571902,-0.603581,-0.392383,1.38732,-0.367334,-0.387882,-0.318976,-0.342965,-0.315409,-0.244539,-0.401053,-0.579818,-0.500316,-0.299039,-1.12457,-0.322043,"5"
170,0.275486,-0.161541,0.112834,-0.0573024,1.3327,-0.43686,-0.66647,0.412322,-1.92678,1.06115,0.977062,1.06115,-1.73954,1.64824,-0.392383,-0.379464,-0.367334,-0.387882,-0.318976,-0.342965,-0.315409,-0.244539,2.48059,-0.579818,-0.500316,-0.299039,-0.556429,0.302721,"5"
170,0.275486,-0.161541,0.112834,-0.0573024,1.3327,-0.43686,-0.66647,0.412322,-1.92678,1.06115,0.977062,1.06115,-1.73954,1.64824,-0.392383,-0.379464,-0.367334,-0.387882,-0.318976,-0.342965,-0.315409,-0.244539,2.48059,-0.579818,-0.500316,-0.299039,-0.556429,0.302721,"5"
119,0.275486,-0.161541,0.0382111,-0.122567,1.3327,-0.43686,1.48129,1.18146,0.516326,1.06115,-1.0182,1.06115,0.571902,1.64824,-0.392383,0.798392,-0.367334,-0.387882,-0.318976,-0.342965,-0.0879394,-0.244539,2.48059,1.71579,-0.500316,-0.299039,-0.556429,0.927484,"5"
9,-1.01233,0.602825,0.956712,0.0514712,-0.955295,-0.43686,0.622187,-1.12596,-1.92678,-0.937519,0.977062,-0.937519,0.571902,-0.603581,-0.392383,0.209464,-0.367334,-0.387882,-0.318976,-0.342965,-0.315409,-0.244539,-0.401053,-0.579818,-0.500316,-0.299039,0.0117143,0.302721,"0"
10,-1.01233,0.602825,0.956712,0.0514712,-0.955295,-0.43686,0.622187,-0.356817,-1.92678,-0.937519,0.977062,1.06115,0.571902,-0.603581,-0.392383,0.209464,-0.367334,-0.387882,-0.318976,-0.342965,-0.0879394,-0.244539,-0.401053,-0.579818,-0.500316,-0.299039,0.0117143,0.302721,"0"
24,-1.01233,0.602825,3.59844,1.04131,0.1887,-0.43686,-0.66647,0.412322,-1.92678,1.06115,0.977062,1.06115,0.571902,-0.603581,-0.392383,-0.379464,1.79214,-0.387882,-0.318976,-0.342965,4.68893,-0.244539,-0.401053,-0.579818,-0.500316,3.32681,-0.556429,-0.322043,"0"
31,0.275486,-0.925907,-0.104124,-0.166076,-0.669296,2.45237,-0.66647,-0.356817,0.516326,1.06115,-1.0182,1.06115,-1.73954,-0.603581,-0.392383,0.798392,-0.367334,-0.387882,-0.318976,-0.342965,-0.0879394,-0.244539,-0.401053,-0.579818,-0.500316,-0.299039,-0.556429,0.927484,"1"
32,-1.65624,1.36719,4.27281,0.00796178,-1.24129,1.48929,-0.66647,-1.12596,0.516326,-0.937519,-1.0182,-0.937519,0.571902,-0.603581,-0.392383,-0.968392,-0.367334,-0.387882,-0.318976,-0.342965,-0.315409,-0.244539,-0.401053,-0.579818,1.98843,-0.299039,-1.12457,-0.946807,"1"
38,0.919394,-0.925907,4.08164,10.7113,0.474699,-0.43686,-0.66647,-1.12596,0.516326,-0.937519,-1.0182,1.06115,-1.73954,-0.603581,-0.392383,-0.968392,-0.367334,-0.387882,-0.318976,-0.342965,0.82194,-0.244539,-0.401053,-0.579818,-0.500316,-0.299039,-1.12457,-0.946807,"6"
48,0.275486,-0.925907,-0.31233,-0.253095,-0.669296,-0.43686,-0.66647,0.412322,0.516326,1.06115,0.977062,-0.937519,0.571902,-0.603581,-0.392383,0.209464,-0.367334,-0.387882,-0.318976,-0.342965,-0.0879394,-0.244539,2.48059,-0.579818,-0.500316,-0.299039,1.148,-0.322043,"2"
54,0.275486,-0.925907,-0.309566,-0.253095,1.3327,-0.43686,0.622187,0.412322,0.516326,1.06115,0.977062,-0.937519,0.571902,-0.603581,-0.392383,-0.379464,-0.367334,-0.387882,-0.318976,-0.342965,-0.315409,-0.244539,2.48059,-0.579818,-0.500316,-0.299039,-0.556429,-0.946807,"5"
58,1.5633,-0.161541,-0.314173,-0.242217,-1.24129,-0.43686,-0.66647,2.71974,0.516326,1.06115,0.977062,1.06115,0.571902,-0.603581,2.5354,0.209464,-0.367334,4.80171,3.11887,1.95135,-0.315409,-0.244539,-0.401053,1.71579,1.98843,-0.299039,1.148,0.302721,"1"
70,-1.65624,1.36719,0.679872,-0.253095,0.1887,-0.43686,-0.66647,-1.12596,0.516326,-0.937519,-1.0182,-0.937519,0.571902,-0.603581,-0.392383,1.38732,1.79214,-0.387882,-0.318976,-0.342965,-0.315409,-0.244539,-0.401053,-0.579818,-0.500316,-0.299039,1.148,-0.946807,"1"
71,-1.65624,1.36719,-0.322464,-0.253095,-1.24129,-0.43686,-0.66647,-0.356817,0.516326,1.06115,-1.0182,1.06115,-1.73954,-0.603581,-0.392383,0.798392,1.79214,-0.387882,-0.318976,-0.342965,1.27688,-0.244539,2.48059,-0.579818,1.98843,-0.299039,-1.12457,-0.946807,"1"
72,1.5633,-0.925907,-0.322464,-0.253095,-1.24129,-0.43686,-0.66647,2.71974,0.516326,1.06115,0.977062,1.06115,0.571902,-0.603581,2.5354,0.209464,-0.367334,-0.387882,-0.318976,-0.342965,-0.315409,-0.244539,-0.401053,1.71579,1.98843,3.32681,-1.12457,-0.946807,"1"
77,-1.65624,1.36719,-0.309566,-0.187831,-0.669296,1.48929,-0.66647,-1.12596,0.516326,-0.937519,-1.0182,-0.937519,-1.73954,1.64824,-0.392383,1.97625,-0.367334,-0.387882,-0.318976,-0.342965,-0.315409,-0.244539,-0.401053,-0.579818,-0.500316,-0.299039,1.71614,-0.946807,"0"
94,0.275486,-0.925907,-0.0539154,-0.0681797,1.3327,-0.43686,1.48129,0.412322,0.516326,1.06115,-1.0182,-0.937519,0.571902,1.64824,-0.392383,-0.968392,1.79214,-0.387882,-0.318976,-0.342965,-0.315409,-0.244539,-0.401053,1.71579,-0.500316,-0.299039,1.71614,-0.322043,"5"
96,0.919394,-0.925907,-0.314173,-0.23134,0.760698,-0.43686,0.622187,0.412322,0.516326,1.06115,-1.0182,-0.937519,0.571902,1.64824,-0.392383,-0.379464,-0.367334,-0.387882,-0.318976,-0.342965,-0.315409,-0.244539,-0.401053,-0.579818,-0.500316,-0.299039,-0.556429,-0.946807,"2"
99,0.275486,-0.161541,-0.308645,-0.242217,1.3327,1.48929,-0.66647,0.412322,0.516326,1.06115,0.977062,-0.937519,0.571902,-0.603581,-0.392383,0.209464,-0.367334,-0.387882,-0.318976,-0.342965,-0.315409,-0.244539,-0.401053,1.71579,-0.500316,-0.299039,-0.556429,0.302721,"5"
104,0.275486,-0.161541,-0.0520728,-0.155199,1.3327,0.526217,0.192634,-0.356817,0.516326,1.06115,-1.0182,-0.937519,0.571902,-0.603581,-0.392383,-0.968392,-0.367334,-0.387882,-0.318976,-0.342965,-0.315409,-0.244539,-0.401053,-0.579818,-0.500316,-0.299039,1.148,-0.322043,"1"
108,0.275486,1.36719,0.24872,-0.176953,-0.669296,2.45237,-0.66647,-0.356817,0.516326,1.06115,-1.0182,1.06115,-1.73954,-0.603581,-0.392383,0.798392,-0.367334,-0.387882,-0.318976,-0.342965,-0.315409,-0.244539,-0.401053,-0.579818,-0.500316,-0.299039,-0.556429,-0.946807,"2"
109,-0.368421,-0.925907,-0.322464,-0.253095,1.3327,1.48929,-0.66647,-0.356817,0.516326,-0.937519,-1.0182,-0.937519,0.571902,1.64824,-0.392383,-0.968392,-0.367334,2.20691,-0.318976,-0.342965,-0.315409,-0.244539,-0.401053,1.71579,-0.500316,-0.299039,1.148,-0.946807,"0"
116,0.919394,-0.925907,0.398886,-0.23134,1.3327,2.45237,-0.66647,-0.356817,0.516326,-0.937519,0.977062,1.06115,-1.73954,-0.603581,-0.392383,-0.968392,3.95162,-0.387882,-0.318976,-0.342965,-0.0879394,4.06824,2.48059,1.71579,-0.500316,-0.299039,-1.12457,-0.946807,"6"
120,1.5633,-0.161541,-0.322464,-0.253095,1.3327,-0.43686,0.622187,-0.356817,-1.92678,-0.937519,0.977062,1.06115,0.571902,-0.603581,-0.392383,0.209464,-0.367334,-0.387882,-0.318976,-0.342965,-0.0879394,-0.244539,-0.401053,-0.579818,-0.500316,-0.299039,0.0117143,0.302721,"1"
126,0.275486,-0.925907,0.261157,-0.198708,-0.669296,-0.43686,0.622187,-0.356817,-1.92678,1.06115,-1.0182,-0.937519,0.571902,-0.603581,2.5354,2.56518,1.79214,-0.387882,-0.318976,-0.342965,-0.315409,-0.244539,-0.401053,-0.579818,-0.500316,-0.299039,2.28429,-0.322043,"2"
132,0.919394,-0.925907,-0.22481,-0.242217,0.760698,-0.43686,0.192634,-0.356817,0.516326,1.06115,-1.0182,-0.937519,0.571902,-0.603581,-0.392383,-0.968392,-0.367334,-0.387882,-0.318976,-0.342965,-0.315409,-0.244539,-0.401053,1.71579,-0.500316,-0.299039,-1.12457,-0.322043,"2"
138,1.5633,-0.925907,-0.184274,0.269018,1.3327,-0.43686,-0.66647,0.412322,0.516326,-0.937519,0.977062,1.06115,0.571902,-0.603581,-0.392383,0.209464,-0.367334,-0.387882,-0.318976,-0.342965,0.59447,-0.244539,2.48059,-0.579818,-0.500316,-0.299039,0.0117143,-0.946807,"0"
143,-0.368421,-0.925907,-0.213294,-0.0137929,0.1887,2.45237,-0.66647,2.71974,0.516326,1.06115,0.977062,1.06115,0.571902,-0.603581,2.5354,-0.968392,-0.367334,-0.387882,-0.318976,-0.342965,0.139531,-0.244539,-0.401053,1.71579,1.98843,3.32681,0.0117143,-0.946807,"6"
144,0.275486,-0.161541,-0.310488,-0.198708,1.3327,2.45237,-0.66647,0.412322,0.516326,1.06115,-1.0182,1.06115,-1.73954,1.64824,-0.392383,-0.968392,-0.367334,-0.387882,-0.318976,-0.342965,-0.315409,-0.244539,-0.401053,-0.579818,-0.500316,3.32681,-1.12457,-0.322043,"5"
150,0.275486,1.36719,-0.289299,-0.220463,-1.24129,-0.43686,0.622187,-0.356817,-1.92678,1.06115,0.977062,-0.937519,0.571902,-0.603581,-0.392383,-0.379464,-0.367334,-0.387882,-0.318976,-0.342965,-0.315409,-0.244539,-0.401053,-0.579818,-0.500316,-0.299039,-0.556429,0.302721,"5"
156,0.919394,-0.925907,-0.189802,-0.23134,0.760698,-0.43686,0.622187,0.412322,0.516326,-0.937519,0.977062,-0.937519,0.571902,1.64824,-0.392383,-0.968392,-0.367334,-0.387882,-0.318976,-0.342965,-0.0879394,-0.244539,2.48059,-0.579818,-0.500316,-0.299039,-1.12457,2.17701,"2"
161,-1.65624,1.36719,-0.322464,-0.253095,-1.24129,-0.43686,-0.66647,0.412322,-1.92678,-0.937519,0.977062,1.06115,0.571902,1.64824,-0.392383,0.209464,-0.367334,-0.387882,-0.318976,-0.342965,-0.315409,-0.244539,2.48059,-0.579818,-0.500316,-0.299039,0.0117143,0.302721,"1"
165,0.275486,-0.161541,-0.314633,-0.242217,1.3327,-0.43686,1.48129,2.71974,0.516326,-0.937519,0.977062,1.06115,0.571902,1.64824,2.5354,0.209464,-0.367334,-0.387882,-0.318976,-0.342965,-0.315409,-0.244539,-0.401053,1.71579,-0.500316,-0.299039,0.0117143,0.302721,"1"
175,0.275486,-0.925907,-0.24692,-0.176953,0.760698,-0.43686,-0.66647,-1.12596,0.516326,-0.937519,-1.0182,-0.937519,0.571902,-0.603581,-0.392383,-0.968392,1.79214,-0.387882,-0.318976,-0.342965,-0.0879394,4.06824,-0.401053,-0.579818,-0.500316,-0.299039,-1.12457,-0.946807,"2"
177,-1.65624,1.36719,-0.322464,-0.253095,-1.24129,-0.43686,-0.66647,1.9506,0.516326,1.06115,0.977062,1.06115,0.571902,-0.603581,2.5354,0.209464,-0.367334,2.20691,3.11887,1.95135,-0.315409,-0.244539,-0.401053,1.71579,1.98843,-0.299039,1.148,0.302721,"1"
182,-1.01233,0.602825,-0.240472,-0.220463,-0.955295,-0.43686,3.1995,-0.356817,-1.92678,-0.937519,0.977062,1.06115,0.571902,-0.603581,-0.392383,1.38732,-0.367334,-0.387882,-0.318976,1.95135,-0.0879394,-0.244539,-0.401053,-0.579818,-0.500316,-0.299039,1.148,1.55225,"0"
186,1.5633,-0.161541,-0.315555,-0.253095,0.1887,-0.43686,-0.66647,0.412322,0.516326,1.06115,-1.0182,1.06115,-1.73954,1.64824,-0.392383,-0.968392,-0.367334,-0.387882,-0.318976,-0.342965,-0.315409,-0.244539,2.48059,-0.579818,1.98843,-0.299039,1.71614,-0.322043,"1"
188,-1.01233,1.36719,0.0976327,-0.0899344,-0.955295,-0.43686,0.622187,2.71974,0.516326,1.06115,0.977062,1.06115,0.571902,1.64824,2.5354,-0.968392,-0.367334,-0.387882,-0.318976,-0.342965,1.27688,-0.244539,-0.401053,1.71579,1.98843,-0.299039,0.579858,-0.946807,"0"
192,0.275486,-0.161541,0.0944083,0.0514712,1.3327,-0.43686,-0.66647,0.412322,0.516326,1.06115,-1.0182,1.06115,-1.73954,-0.603581,2.5354,-0.379464,1.79214,-0.387882,-0.318976,-0.342965,-0.315409,-0.244539,-0.401053,1.71579,1.98843,-0.299039,-0.556429,-0.322043,"5"
138,1.5633,-0.925907,-0.184274,0.269018,1.3327,-0.43686,-0.66647,0.412322,0.516326,-0.937519,0.977062,1.06115,0.571902,-0.603581,-0.392383,0.209464,-0.367334,-0.387882,-0.318976,-0.342965,0.59447,-0.244539,2.48059,-0.579818,-0.500316,-0.299039,0.0117143,-0.946807,"0"
77,-1.65624,1.36719,-0.309566,-0.187831,-0.669296,1.48929,-0.66647,-1.12596,0.516326,-0.937519,-1.0182,-0.937519,-1.73954,1.64824,-0.392383,1.97625,-0.367334,-0.387882,-0.318976,-0.342965,-0.315409,-0.244539,-0.401053,-0.579818,-0.500316,-0.299039,1.71614,-0.946807,"0"
24,-1.01233,0.602825,3.59844,1.04131,0.1887,-0.43686,-0.66647,0.412322,-1.92678,1.06115,0.977062,1.06115,0.571902,-0.603581,-0.392383,-0.379464,1.79214,-0.387882,-0.318976,-0.342965,4.68893,-0.244539,-0.401053,-0.579818,-0.500316,3.32681,-0.556429,-0.322043,"0"
138,1.5633,-0.925907,-0.184274,0.269018,1.3327,-0.43686,-0.66647,0.412322,0.516326,-0.937519,0.977062,1.06115,0.571902,-0.603581,-0.392383,0.209464,-0.367334,-0.387882,-0.318976,-0.342965,0.59447,-0.244539,2.48059,-0.579818,-0.500316,-0.299039,0.0117143,-0.946807,"0"
38,0.919394,-0.925907,4.08164,10.7113,0.474699,-0.43686,-0.66647,-1.12596,0.516326,-0.937519,-1.0182,1.06115,-1.73954,-0.603581,-0.392383,-0.968392,-0.367334,-0.387882,-0.318976,-0.342965,0.82194,-0.244539,-0.401053,-0.579818,-0.500316,-0.299039,-1.12457,-0.946807,"6"
38,0.919394,-0.925907,4.08164,10.7113,0.474699,-0.43686,-0.66647,-1.12596,0.516326,-0.937519,-1.0182,1.06115,-1.73954,-0.603581,-0.392383,-0.968392,-0.367334,-0.387882,-0.318976,-0.342965,0.82194,-0.244539,-0.401053,-0.579818,-0.500316,-0.299039,-1.12457,-0.946807,"6"
38,0.919394,-0.925907,4.08164,10.7113,0.474699,-0.43686,-0.66647,-1.12596,0.516326,-0.937519,-1.0182,1.06115,-1.73954,-0.603581,-0.392383,-0.968392,-0.367334,-0.387882,-0.318976,-0.342965,0.82194,-0.244539,-0.401053,-0.579818,-0.500316,-0.299039,-1.12457,-0.946807,"6"
38,0.919394,-0.925907,4.08164,10.7113,0.474699,-0.43686,-0.66647,-1.12596,0.516326,-0.937519,-1.0182,1.06115,-1.73954,-0.603581,-0.392383,-0.968392,-0.367334,-0.387882,-0.318976,-0.342965,0.82194,-0.244539,-0.401053,-0.579818,-0.500316,-0.299039,-1.12457,-0.946807,"6"
38,0.919394,-0.925907,4.08164,10.7113,0.474699,-0.43686,-0.66647,-1.12596,0.516326,-0.937519,-1.0182,1.06115,-1.73954,-0.603581,-0.392383,-0.968392,-0.367334,-0.387882,-0.318976,-0.342965,0.82194,-0.244539,-0.401053,-0.579818,-0.500316,-0.299039,-1.12457,-0.946807,"6"
38,0.919394,-0.925907,4.08164,10.7113,0.474699,-0.43686,-0.66647,-1.12596,0.516326,-0.937519,-1.0182,1.06115,-1.73954,-0.603581,-0.392383,-0.968392,-0.367334,-0.387882,-0.318976,-0.342965,0.82194,-0.244539,-0.401053,-0.579818,-0.500316,-0.299039,-1.12457,-0.946807,"6"
116,0.919394,-0.925907,0.398886,-0.23134,1.3327,2.45237,-0.66647,-0.356817,0.516326,-0.937519,0.977062,1.06115,-1.73954,-0.603581,-0.392383,-0.968392,3.95162,-0.387882,-0.318976,-0.342965,-0.0879394,4.06824,2.48059,1.71579,-0.500316,-0.299039,-1.12457,-0.946807,"6"
38,0.919394,-0.925907,4.08164,10.7113,0.474699,-0.43686,-0.66647,-1.12596,0.516326,-0.937519,-1.0182,1.06115,-1.73954,-0.603581,-0.392383,-0.968392,-0.367334,-0.387882,-0.318976,-0.342965,0.82194,-0.244539,-0.401053,-0.579818,-0.500316,-0.299039,-1.12457,-0.946807,"6"
38,0.919394,-0.925907,4.08164,10.7113,0.474699,-0.43686,-0.66647,-1.12596,0.516326,-0.937519,-1.0182,1.06115,-1.73954,-0.603581,-0.392383,-0.968392,-0.367334,-0.387882,-0.318976,-0.342965,0.82194,-0.244539,-0.401053,-0.579818,-0.500316,-0.299039,-1.12457,-0.946807,"6"
96,0.919394,-0.925907,-0.314173,-0.23134,0.760698,-0.43686,0.622187,0.412322,0.516326,1.06115,-1.0182,-0.937519,0.571902,1.64824,-0.392383,-0.379464,-0.367334,-0.387882,-0.318976,-0.342965,-0.315409,-0.244539,-0.401053,-0.579818,-0.500316,-0.299039,-0.556429,-0.946807,"2"
175,0.275486,-0.925907,-0.24692,-0.176953,0.760698,-0.43686,-0.66647,-1.12596,0.516326,-0.937519,-1.0182,-0.937519,0.571902,-0.603581,-0.392383,-0.968392,1.79214,-0.387882,-0.318976,-0.342965,-0.0879394,4.06824,-0.401053,-0.579818,-0.500316,-0.299039,-1.12457,-0.946807,"2"
108,0.275486,1.36719,0.24872,-0.176953,-0.669296,2.45237,-0.66647,-0.356817,0.516326,1.06115,-1.0182,1.06115,-1.73954,-0.603581,-0.392383,0.798392,-0.367334,-0.387882,-0.318976,-0.342965,-0.315409,-0.244539,-0.401053,-0.579818,-0.500316,-0.299039,-0.556429,-0.946807,"2"
126,0.275486,-0.925907,0.261157,-0.198708,-0.669296,-0.43686,0.622187,-0.356817,-1.92678,1.06115,-1.0182,-0.937519,0.571902,-0.603581,2.5354,2.56518,1.79214,-0.387882,-0.318976,-0.342965,-0.315409,-0.244539,-0.401053,-0.579818,-0.500316,-0.299039,2.28429,-0.322043,"2"
175,0.275486,-0.925907,-0.24692,-0.176953,0.760698,-0.43686,-0.66647,-1.12596,0.516326,-0.937519,-1.0182,-0.937519,0.571902,-0.603581,-0.392383,-0.968392,1.79214,-0.387882,-0.318976,-0.342965,-0.0879394,4.06824,-0.401053,-0.579818,-0.500316,-0.299039,-1.12457,-0.946807,"2"
94,0.275486,-0.925907,-0.0539154,-0.0681797,1.3327,-0.43686,1.48129,0.412322,0.516326,1.06115,-1.0182,-0.937519,0.571902,1.64824,-0.392383,-0.968392,1.79214,-0.387882,-0.318976,-0.342965,-0.315409,-0.244539,-0.401053,1.71579,-0.500316,-0.299039,1.71614,-0.322043,"5"
99,0.275486,-0.161541,-0.308645,-0.242217,1.3327,1.48929,-0.66647,0.412322,0.516326,1.06115,0.977062,-0.937519,0.571902,-0.603581,-0.392383,0.209464,-0.367334,-0.387882,-0.318976,-0.342965,-0.315409,-0.244539,-0.401053,1.71579,-0.500316,-0.299039,-0.556429,0.302721,"5"
192,0.275486,-0.161541,0.0944083,0.0514712,1.3327,-0.43686,-0.66647,0.412322,0.516326,1.06115,-1.0182,1.06115,-1.73954,-0.603581,2.5354,-0.379464,1.79214,-0.387882,-0.318976,-0.342965,-0.315409,-0.244539,-0.401053,1.71579,1.98843,-0.299039,-0.556429,-0.322043,"5"
99,0.275486,-0.161541,-0.308645,-0.242217,1.3327,1.48929,-0.66647,0.412322,0.516326,1.06115,0.977062,-0.937519,0.571902,-0.603581,-0.392383,0.209464,-0.367334,-0.387882,-0.318976,-0.342965,-0.315409,-0.244539,-0.401053,1.71579,-0.500316,-0.299039,-0.556429,0.302721,"5"
54,0.275486,-0.925907,-0.309566,-0.253095,1.3327,-0.43686,0.622187,0.412322,0.516326,1.06115,0.977062,-0.937519,0.571902,-0.603581,-0.392383,-0.379464,-0.367334,-0.387882,-0.318976,-0.342965,-0.315409,-0.244539,2.48059,-0.579818,-0.500316,-0.299039,-0.556429,-0.946807,"5"
150,0.275486,1.36719,-0.289299,-0.220463,-1.24129,-0.43686,0.622187,-0.356817,-1.92678,1.06115,0.977062,-0.937519,0.571902,-0.603581,-0.392383,-0.379464,-0.367334,-0.387882,-0.318976,-0.342965,-0.315409,-0.244539,-0.401053,-0.579818,-0.500316,-0.299039,-0.556429,0.302721,"5"
4,1.5633,0.602825,-0.322464,-0.253095,-1.24129,-0.43686,-0.66647,1.18146,0.516326,-0.937519,0.977062,1.06115,0.571902,-0.603581,2.5354,0.209464,-0.367334,-0.387882,-0.318976,-0.342965,-0.315409,-0.244539,2.48059,1.71579,1.98843,-0.299039,0.0117143,-0.946807,"1"
7,-1.65624,1.36719,-0.322464,-0.253095,-1.24129,-0.43686,-0.236918,-0.356817,-1.92678,-0.937519,0.977062,-0.937519,0.571902,-0.603581,2.5354,1.38732,-0.367334,-0.387882,-0.318976,-0.342965,-0.315409,-0.244539,-0.401053,-0.579818,1.98843,-0.299039,1.148,0.302721,"1"
13,-1.65624,1.36719,-0.313712,-0.253095,-1.24129,-0.43686,0.622187,-0.356817,-1.92678,-0.937519,0.977062,1.06115,-1.73954,1.64824,-0.392383,0.209464,-0.367334,-0.387882,-0.318976,-0.342965,-0.315409,-0.244539,2.48059,-0.579818,-0.500316,-0.299039,0.0117143,0.302721,"1"
15,0.919394,-0.925907,-0.256594,0.725867,0.1887,-0.43686,-0.66647,-1.12596,0.516326,1.06115,-1.0182,-0.937519,-1.73954,-0.603581,-0.392383,-0.379464,1.79214,-0.387882,-0.318976,-0.342965,-0.315409,-0.244539,-0.401053,-0.579818,-0.500316,-0.299039,-0.556429,-0.322043,"2"
16,-1.65624,1.36719,-0.322464,-0.253095,-1.24129,2.45237,-0.66647,-0.356817,-1.92678,-0.937519,0.977062,1.06115,-1.73954,1.64824,-0.392383,0.209464,-0.367334,-0.387882,-0.318976,-0.342965,-0.315409,-0.244539,-0.401053,1.71579,-0.500316,-0.299039,0.0117143,0.302721,"1"
17,-0.368421,-0.925907,-0.308185,-0.144321,0.1887,2.45237,-0.66647,-0.356817,0.516326,-0.937519,-1.0182,1.06115,-1.73954,1.64824,-0.392383,0.798392,-0.367334,-0.387882,-0.318976,-0.342965,-0.315409,-0.244539,-0.401053,-0.579818,-0.500316,-0.299039,1.71614,-0.946807,"0"
39,-1.01233,1.36719,0.202196,0.0514712,-0.955295,-0.43686,0.622187,-0.356817,0.516326,-0.937519,0.977062,1.06115,-1.73954,-0.603581,-0.392383,0.798392,-0.367334,-0.387882,-0.318976,-0.342965,-0.315409,-0.244539,-0.401053,-0.579818,-0.500316,-0.299039,0.579858,-0.946807,"0"
42,1.5633,0.602825,-0.322464,-0.253095,-1.24129,-0.43686,-0.66647,0.412322,0.516326,-0.937519,0.977062,-0.937519,0.571902,-0.603581,-0.392383,0.209464,1.79214,2.20691,3.11887,1.95135,3.09664,-0.244539,-0.401053,-0.579818,-0.500316,-0.299039,1.148,0.302721,"1"
45,-0.368421,-0.925907,-0.318318,-0.242217,0.1887,-0.43686,-0.66647,-0.356817,-1.92678,1.06115,-1.0182,1.06115,0.571902,-0.603581,-0.392383,1.38732,-0.367334,-0.387882,-0.318976,-0.342965,-0.315409,-0.244539,-0.401053,1.71579,1.98843,-0.299039,1.148,1.55225,"1"
59,-0.368421,-0.925907,-0.167231,-0.198708,1.0467,-0.43686,-0.66647,-1.12596,-1.92678,-0.937519,0.977062,-0.937519,0.571902,-0.603581,-0.392383,1.38732,-0.367334,2.20691,-0.318976,-0.342965,-0.315409,-0.244539,-0.401053,-0.579818,-0.500316,-0.299039,1.148,1.55225,"1"
61,-1.01233,1.36719,-0.280547,-0.253095,-0.669296,2.45237,-0.66647,-0.356817,0.516326,-0.937519,0.977062,-0.937519,0.571902,-0.603581,-0.392383,1.38732,-0.367334,-0.387882,-0.318976,-0.342965,-0.315409,-0.244539,-0.401053,-0.579818,-0.500316,-0.299039,0.0117143,-0.946807,"0"
62,1.5633,0.602825,-0.320622,-0.253095,-0.669296,-0.43686,0.622187,1.18146,0.516326,-0.937519,0.977062,1.06115,0.571902,1.64824,-0.392383,-0.968392,1.79214,-0.387882,-0.318976,-0.342965,-0.0879394,-0.244539,-0.401053,1.71579,-0.500316,-0.299039,-1.12457,-0.946807,"0"
63,0.275486,-0.161541,-0.199015,-0.242217,1.3327,-0.43686,0.622187,-0.356817,-1.92678,1.06115,0.977062,1.06115,-1.73954,-0.603581,-0.392383,-0.379464,-0.367334,-0.387882,-0.318976,-0.342965,-0.315409,-0.244539,-0.401053,-0.579818,-0.500316,-0.299039,-0.556429,0.302721,"5"
65,-0.368421,-0.925907,-0.272716,-0.0681797,-0.383298,-0.43686,0.622187,-0.356817,0.516326,-0.937519,-1.0182,1.06115,-1.73954,1.64824,-0.392383,0.798392,-0.367334,-0.387882,-0.318976,-0.342965,-0.315409,-0.244539,-0.401053,1.71579,-0.500316,-0.299039,1.71614,0.927484,"6"
66,-0.368421,-0.925907,-0.207767,0.410424,-0.383298,-0.43686,0.622187,-0.356817,0.516326,-0.937519,-1.0182,1.06115,-1.73954,1.64824,-0.392383,1.97625,-0.367334,-0.387882,-0.318976,-0.342965,-0.315409,-0.244539,-0.401053,-0.579818,-0.500316,-0.299039,1.71614,0.927484,"1"
67,0.275486,1.36719,-0.212373,-0.100812,-1.24129,-0.43686,0.622187,0.412322,0.516326,1.06115,-1.0182,1.06115,-1.73954,1.64824,-0.392383,-0.968392,-0.367334,-0.387882,-0.318976,-0.342965,-0.0879394,-0.244539,-0.401053,-0.579818,-0.500316,-0.299039,-1.12457,-0.322043,"5"
83,1.5633,-0.161541,0.55458,1.45465,1.3327,-0.43686,0.192634,-1.12596,0.516326,-0.937519,-1.0182,-0.937519,0.571902,-0.603581,-0.392383,-0.968392,-0.367334,-0.387882,-0.318976,-0.342965,-0.315409,-0.244539,-0.401053,-0.579818,-0.500316,-0.299039,-1.12457,1.55225,"2"
84,0.919394,-0.925907,0.436658,0.171122,0.1887,-0.43686,0.622187,-0.356817,0.516326,1.06115,-1.0182,-0.937519,0.571902,-0.603581,-0.392383,-0.968392,-0.367334,-0.387882,-0.318976,-0.342965,-0.315409,-0.244539,-0.401053,1.71579,-0.500316,3.32681,-0.556429,-0.946807,"2"
100,0.275486,1.36719,-0.271334,-0.242217,1.3327,-0.43686,4.0586,-0.356817,0.516326,-0.937519,0.977062,-0.937519,0.571902,-0.603581,-0.392383,-0.968392,-0.367334,-0.387882,-0.318976,1.95135,-0.0879394,-0.244539,-0.401053,-0.579818,-0.500316,-0.299039,0.0117143,-0.946807,"5"
107,0.919394,-0.925907,-0.322464,-0.253095,1.3327,-0.43686,-0.66647,-0.356817,0.516326,1.06115,-1.0182,-0.937519,0.571902,-0.603581,-0.392383,-0.968392,-0.367334,-0.387882,-0.318976,-0.342965,-0.315409,4.06824,-0.401053,-0.579818,-0.500316,-0.299039,-1.12457,-0.946807,"2"
111,0.275486,1.36719,0.152448,-0.23134,0.760698,-0.43686,-0.66647,-1.12596,-1.92678,1.06115,-1.0182,1.06115,-1.73954,-0.603581,-0.392383,-0.379464,-0.367334,-0.387882,-0.318976,-0.342965,-0.0879394,4.06824,-0.401053,-0.579818,-0.500316,-0.299039,-0.556429,-0.322043,"2"
115,-0.368421,-0.925907,-0.322464,-0.253095,-0.669296,-0.43686,0.192634,-1.12596,0.516326,-0.937519,-1.0182,-0.937519,0.571902,-0.603581,-0.392383,-0.968392,-0.367334,-0.387882,-0.318976,-0.342965,-0.315409,-0.244539,-0.401053,-0.579818,-0.500316,-0.299039,-1.12457,1.55225,"0"
128,1.5633,0.602825,-0.322464,-0.253095,-1.24129,-0.43686,-0.66647,0.412322,0.516326,-0.937519,0.977062,1.06115,0.571902,-0.603581,-0.392383,0.798392,1.79214,2.20691,3.11887,1.95135,0.82194,-0.244539,-0.401053,-0.579818,-0.500316,-0.299039,1.148,0.927484,"1"
135,1.5633,-0.161541,-0.109191,-0.220463,-1.24129,-0.43686,-0.66647,0.412322,0.516326,-0.937519,-1.0182,1.06115,0.571902,1.64824,-0.392383,1.97625,-0.367334,-0.387882,-0.318976,-0.342965,0.82194,-0.244539,2.48059,-0.579818,1.98843,-0.299039,-1.12457,2.17701,"5"
139,-0.368421,-0.925907,-0.178286,0.13849,-0.0972986,-0.43686,0.192634,-1.12596,0.516326,-0.937519,-1.0182,-0.937519,0.571902,-0.603581,-0.392383,1.38732,-0.367334,-0.387882,-0.318976,-0.342965,-0.315409,-0.244539,-0.401053,-0.579818,-0.500316,-0.299039,1.148,-0.946807,"6"
141,-1.65624,1.36719,-0.318318,-0.220463,-0.955295,-0.43686,1.48129,-0.356817,0.516326,-0.937519,0.977062,-0.937519,0.571902,-0.603581,-0.392383,-0.968392,-0.367334,-0.387882,-0.318976,-0.342965,-0.0879394,-0.244539,2.48059,-0.579818,-0.500316,-0.299039,-1.12457,-0.946807,"0"
145,-0.368421,-0.925907,-0.322464,-0.253095,0.1887,-0.43686,0.192634,-1.12596,-1.92678,-0.937519,0.977062,-0.937519,0.571902,-0.603581,-0.392383,1.38732,-0.367334,-0.387882,-0.318976,-0.342965,-0.315409,-0.244539,-0.401053,-0.579818,-0.500316,-0.299039,1.148,0.302721,"0"
166,-0.368421,-0.925907,-0.115179,-0.166076,0.1887,-0.43686,-0.66647,-1.12596,-1.92678,-0.937519,0.977062,1.06115,-1.73954,-0.603581,-0.392383,0.209464,-0.367334,2.20691,-0.318976,-0.342965,-0.315409,-0.244539,-0.401053,-0.579818,-0.500316,-0.299039,0.0117143,0.302721,"1"
168,0.919394,-0.925907,-0.237247,-0.144321,0.760698,-0.43686,0.622187,0.412322,0.516326,1.06115,-1.0182,-0.937519,0.571902,1.64824,-0.392383,-0.968392,-0.367334,-0.387882,-0.318976,-0.342965,0.139531,-0.244539,-0.401053,-0.579818,-0.500316,-0.299039,-1.12457,2.17701,"2"
173,1.5633,-0.161541,-0.322003,-0.253095,1.3327,-0.43686,-0.66647,-1.12596,0.516326,-0.937519,-1.0182,-0.937519,0.571902,-0.603581,-0.392383,-0.968392,-0.367334,2.20691,-0.318976,1.95135,-0.315409,-0.244539,-0.401053,-0.579818,-0.500316,-0.299039,1.148,-0.946807,"1"
179,0.919394,-0.925907,-0.283771,-0.242217,0.760698,0.526217,0.622187,0.412322,0.516326,1.06115,-1.0182,-0.937519,0.571902,1.64824,-0.392383,-0.379464,-0.367334,-0.387882,-0.318976,-0.342965,-0.315409,-0.244539,-0.401053,-0.579818,-0.500316,-0.299039,-1.12457,2.17701,"2"
180,0.275486,-0.925907,-0.213755,-0.111689,1.3327,-0.43686,1.91084,1.18146,0.516326,-0.937519,-1.0182,1.06115,0.571902,1.64824,-0.392383,0.798392,1.79214,-0.387882,-0.318976,-0.342965,-0.315409,-0.244539,-0.401053,-0.579818,1.98843,-0.299039,1.71614,-0.946807,"5"
181,-0.368421,1.36719,-0.209609,0.356037,-1.24129,-0.43686,-0.66647,-0.356817,0.516326,-0.937519,0.977062,-0.937519,0.571902,-0.603581,-0.392383,-0.968392,-0.367334,2.20691,3.11887,-0.342965,-0.315409,-0.244539,-0.401053,-0.579818,-0.500316,-0.299039,1.148,-0.946807,"1"
185,0.919394,-0.925907,9.99663,2.7273,-0.0972986,-0.43686,-0.66647,-1.12596,0.516326,-0.937519,-1.0182,1.06115,-1.73954,-0.603581,-0.392383,-0.968392,-0.367334,-0.387882,-0.318976,-0.342965,-0.0879394,-0.244539,-0.401053,1.71579,-0.500316,-0.299039,-1.12457,-0.946807,"6"
187,-0.368421,-0.925907,-0.322464,-0.253095,0.1887,1.48929,-0.66647,0.412322,0.516326,-0.937519,-1.0182,1.06115,0.571902,1.64824,-0.392383,0.798392,-0.367334,-0.387882,-0.318976,-0.342965,-0.315409,-0.244539,-0.401053,1.71579,-0.500316,-0.299039,0.579858,1.55225,"0"
179,0.919394,-0.925907,-0.283771,-0.242217,0.760698,0.526217,0.622187,0.412322,0.516326,1.06115,-1.0182,-0.937519,0.571902,1.64824,-0.392383,-0.379464,-0.367334,-0.387882,-0.318976,-0.342965,-0.315409,-0.244539,-0.401053,-0.579818,-0.500316,-0.299039,-1.12457,2.17701,"2"
15,0.919394,-0.925907,-0.256594,0.725867,0.1887,-0.43686,-0.66647,-1.12596,0.516326,1.06115,-1.0182,-0.937519,-1.73954,-0.603581,-0.392383,-0.379464,1.79214,-0.387882,-0.318976,-0.342965,-0.315409,-0.244539,-0.401053,-0.579818,-0.500316,-0.299039,-0.556429,-0.322043,"2"
15,0.919394,-0.925907,-0.256594,0.725867,0.1887,-0.43686,-0.66647,-1.12596,0.516326,1.06115,-1.0182,-0.937519,-1.73954,-0.603581,-0.392383,-0.379464,1.79214,-0.387882,-0.318976,-0.342965,-0.315409,-0.244539,-0.401053,-0.579818,-0.500316,-0.299039,-0.556429,-0.322043,"2"
83,1.5633,-0.161541,0.55458,1.45465,1.3327,-0.43686,0.192634,-1.12596,0.516326,-0.937519,-1.0182,-0.937519,0.571902,-0.603581,-0.392383,-0.968392,-0.367334,-0.387882,-0.318976,-0.342965,-0.315409,-0.244539,-0.401053,-0.579818,-0.500316,-0.299039,-1.12457,1.55225,"2"
168,0.919394,-0.925907,-0.237247,-0.144321,0.760698,-0.43686,0.622187,0.412322,0.516326,1.06115,-1.0182,-0.937519,0.571902,1.64824,-0.392383,-0.968392,-0.367334,-0.387882,-0.318976,-0.342965,0.139531,-0.244539,-0.401053,-0.579818,-0.500316,-0.299039,-1.12457,2.17701,"2"
141,-1.65624,1.36719,-0.318318,-0.220463,-0.955295,-0.43686,1.48129,-0.356817,0.516326,-0.937519,0.977062,-0.937519,0.571902,-0.603581,-0.392383,-0.968392,-0.367334,-0.387882,-0.318976,-0.342965,-0.0879394,-0.244539,2.48059,-0.579818,-0.500316,-0.299039,-1.12457,-0.946807,"0"
115,-0.368421,-0.925907,-0.322464,-0.253095,-0.669296,-0.43686,0.192634,-1.12596,0.516326,-0.937519,-1.0182,-0.937519,0.571902,-0.603581,-0.392383,-0.968392,-0.367334,-0.387882,-0.318976,-0.342965,-0.315409,-0.244539,-0.401053,-0.579818,-0.500316,-0.299039,-1.12457,1.55225,"0"
61,-1.01233,1.36719,-0.280547,-0.253095,-0.669296,2.45237,-0.66647,-0.356817,0.516326,-0.937519,0.977062,-0.937519,0.571902,-0.603581,-0.392383,1.38732,-0.367334,-0.387882,-0.318976,-0.342965,-0.315409,-0.244539,-0.401053,-0.579818,-0.500316,-0.299039,0.0117143,-0.946807,"0"
145,-0.368421,-0.925907,-0.322464,-0.253095,0.1887,-0.43686,0.192634,-1.12596,-1.92678,-0.937519,0.977062,-0.937519,0.571902,-0.603581,-0.392383,1.38732,-0.367334,-0.387882,-0.318976,-0.342965,-0.315409,-0.244539,-0.401053,-0.579818,-0.500316,-0.299039,1.148,0.302721,"0"
180,0.275486,-0.925907,-0.213755,-0.111689,1.3327,-0.43686,1.91084,1.18146,0.516326,-0.937519,-1.0182,1.06115,0.571902,1.64824,-0.392383,0.798392,1.79214,-0.387882,-0.318976,-0.342965,-0.315409,-0.244539,-0.401053,-0.579818,1.98843,-0.299039,1.71614,-0.946807,"5"
135,1.5633,-0.161541,-0.109191,-0.220463,-1.24129,-0.43686,-0.66647,0.412322,0.516326,-0.937519,-1.0182,1.06115,0.571902,1.64824,-0.392383,1.97625,-0.367334,-0.387882,-0.318976,-0.342965,0.82194,-0.244539,2.48059,-0.579818,1.98843,-0.299039,-1.12457,2.17701,"5"
63,0.275486,-0.161541,-0.199015,-0.242217,1.3327,-0.43686,0.622187,-0.356817,-1.92678,1.06115,0.977062,1.06115,-1.73954,-0.603581,-0.392383,-0.379464,-0.367334,-0.387882,-0.318976,-0.342965,-0.315409,-0.244539,-0.401053,-0.579818,-0.500316,-0.299039,-0.556429,0.302721,"5"
63,0.275486,-0.161541,-0.199015,-0.242217,1.3327,-0.43686,0.622187,-0.356817,-1.92678,1.06115,0.977062,1.06115,-1.73954,-0.603581,-0.392383,-0.379464,-0.367334,-0.387882,-0.318976,-0.342965,-0.315409,-0.244539,-0.401053,-0.579818,-0.500316,-0.299039,-0.556429,0.302721,"5"
135,1.5633,-0.161541,-0.109191,-0.220463,-1.24129,-0.43686,-0.66647,0.412322,0.516326,-0.937519,-1.0182,1.06115,0.571902,1.64824,-0.392383,1.97625,-0.367334,-0.387882,-0.318976,-0.342965,0.82194,-0.244539,2.48059,-0.579818,1.98843,-0.299039,-1.12457,2.17701,"5"
63,0.275486,-0.161541,-0.199015,-0.242217,1.3327,-0.43686,0.622187,-0.356817,-1.92678,1.06115,0.977062,1.06115,-1.73954,-0.603581,-0.392383,-0.379464,-0.367334,-0.387882,-0.318976,-0.342965,-0.315409,-0.244539,-0.401053,-0.579818,-0.500316,-0.299039,-0.556429,0.302721,"5"
180,0.275486,-0.925907,-0.213755,-0.111689,1.3327,-0.43686,1.91084,1.18146,0.516326,-0.937519,-1.0182,1.06115,0.571902,1.64824,-0.392383,0.798392,1.79214,-0.387882,-0.318976,-0.342965,-0.315409,-0.244539,-0.401053,-0.579818,1.98843,-0.299039,1.71614,-0.946807,"5"
139,-0.368421,-0.925907,-0.178286,0.13849,-0.0972986,-0.43686,0.192634,-1.12596,0.516326,-0.937519,-1.0182,-0.937519,0.571902,-0.603581,-0.392383,1.38732,-0.367334,-0.387882,-0.318976,-0.342965,-0.315409,-0.244539,-0.401053,-0.579818,-0.500316,-0.299039,1.148,-0.946807,"6"
185,0.919394,-0.925907,9.99663,2.7273,-0.0972986,-0.43686,-0.66647,-1.12596,0.516326,-0.937519,-1.0182,1.06115,-1.73954,-0.603581,-0.392383,-0.968392,-0.367334,-0.387882,-0.318976,-0.342965,-0.0879394,-0.244539,-0.401053,1.71579,-0.500316,-0.299039,-1.12457,-0.946807,"6"
139,-0.368421,-0.925907,-0.178286,0.13849,-0.0972986,-0.43686,0.192634,-1.12596,0.516326,-0.937519,-1.0182,-0.937519,0.571902,-0.603581,-0.392383,1.38732,-0.367334,-0.387882,-0.318976,-0.342965,-0.315409,-0.244539,-0.401053,-0.579818,-0.500316,-0.299039,1.148,-0.946807,"6"
65,-0.368421,-0.925907,-0.272716,-0.0681797,-0.383298,-0.43686,0.622187,-0.356817,0.516326,-0.937519,-1.0182,1.06115,-1.73954,1.64824,-0.392383,0.798392,-0.367334,-0.387882,-0.318976,-0.342965,-0.315409,-0.244539,-0.401053,1.71579,-0.500316,-0.299039,1.71614,0.927484,"6"
185,0.919394,-0.925907,9.99663,2.7273,-0.0972986,-0.43686,-0.66647,-1.12596,0.516326,-0.937519,-1.0182,1.06115,-1.73954,-0.603581,-0.392383,-0.968392,-0.367334,-0.387882,-0.318976,-0.342965,-0.0879394,-0.244539,-0.401053,1.71579,-0.500316,-0.299039,-1.12457,-0.946807,"6"
65,-0.368421,-0.925907,-0.272716,-0.0681797,-0.383298,-0.43686,0.622187,-0.356817,0.516326,-0.937519,-1.0182,1.06115,-1.73954,1.64824,-0.392383,0.798392,-0.367334,-0.387882,-0.318976,-0.342965,-0.315409,-0.244539,-0.401053,1.71579,-0.500316,-0.299039,1.71614,0.927484,"6"
139,-0.368421,-0.925907,-0.178286,0.13849,-0.0972986,-0.43686,0.192634,-1.12596,0.516326,-0.937519,-1.0182,-0.937519,0.571902,-0.603581,-0.392383,1.38732,-0.367334,-0.387882,-0.318976,-0.342965,-0.315409,-0.244539,-0.401053,-0.579818,-0.500316,-0.299039,1.148,-0.946807,"6"
185,0.919394,-0.925907,9.99663,2.7273,-0.0972986,-0.43686,-0.66647,-1.12596,0.516326,-0.937519,-1.0182,1.06115,-1.73954,-0.603581,-0.392383,-0.968392,-0.367334,-0.387882,-0.318976,-0.342965,-0.0879394,-0.244539,-0.401053,1.71579,-0.500316,-0.299039,-1.12457,-0.946807,"6"
139,-0.368421,-0.925907,-0.178286,0.13849,-0.0972986,-0.43686,0.192634,-1.12596,0.516326,-0.937519,-1.0182,-0.937519,0.571902,-0.603581,-0.392383,1.38732,-0.367334,-0.387882,-0.318976,-0.342965,-0.315409,-0.244539,-0.401053,-0.579818,-0.500316,-0.299039,1.148,-0.946807,"6"
